Account Id,Brand
27131,BB
27130,BB
27129,BB
27128,BB
27125,BB
27124,BB
27114,BB
27113,BB
27112,BB
27111,BB
27109,BB
27108,BB
27106,BB
27105,BB
27104,BB
27100,BB
27095,BB
27093,BB
27092,BB
27089,BB
27087,BB
27086,BB
27085,BB
27081,BB
27074,BB
27072,BB
27071,BB
27070,BB
27069,BB
27064,BB
27063,BB
27062,BB
27060,BB
27059,BB
27058,BB
27057,BB
27056,BB
27052,BB
27050,BB
27044,BB
27043,BB
27037,BB
27032,BB
27022,BB
27021,BB
27019,BB
27016,BB
27014,BB
27012,BB
27010,BB
27008,BB
27000,BB
26999,BB
26996,BB
26993,BB
26989,BB
26984,BB
26981,BB
26980,BB
26979,BB
26969,BB
26966,BB
26964,BB
26961,BB
26953,BB
26952,BB
26950,BB
26947,BB
26940,BB
26939,BB
26938,BB
26937,BB
26932,BB
26929,BB
26926,BB
26924,BB
26922,BB
26921,BB
26918,BB
26917,BB
26913,BB
26911,BB
26906,BB
26905,BB
26901,BB
26900,BB
26898,BB
26893,BB
26891,BB
26890,BB
26887,BB
26882,BB
26881,BB
26880,BB
26876,BB
26875,BB
26873,BB
26872,BB
26871,BB
26870,BB
26867,BB
26861,BB
26858,BB
26857,BB
26855,BB
26854,BB
26853,BB
26852,BB
26851,BB
26848,BB
26847,BB
26844,BB
26842,BB
26840,BB
26838,BB
26832,BB
26831,BB
26827,BB
26825,BB
26823,BB
26821,BB
26819,BB
26818,BB
26817,BB
26816,BB
26815,BB
26814,BB
26811,BB
26810,BB
26794,BB
26793,BB
26792,BB
26791,BB
26789,BB
26782,BB
26772,BB
26766,BB
26765,BB
26763,BB
26759,BB
26758,BB
26757,BB
26755,BB
26754,BB
26752,BB
26747,BB
26746,BB
26745,BB
26738,BB
26736,BB
26735,BB
26734,BB
26732,BB
26731,BB
26728,BB
26724,BB
26722,BB
26721,BB
26710,BB
26709,BB
26708,BB
26707,BB
26706,BB
26705,BB
26704,BB
26703,BB
26702,BB
26701,BB
26695,BB
26693,BB
26692,BB
26691,BB
26688,BB
26686,BB
26685,BB
26684,BB
26681,BB
26680,BB
26678,BB
26677,BB
26672,BB
26670,BB
26668,BB
26647,BB
26646,BB
26645,BB
26640,BB
26639,BB
26633,BB
26632,BB
26621,BB
26619,BB
26618,BB
26617,BB
26615,BB
26614,BB
26612,BB
26611,BB
26609,BB
26605,BB
26600,BB
26599,BB
26598,BB
26596,BB
26595,BB
26594,BB
26591,BB
26588,BB
26587,BB
26586,BB
26585,BB
26583,BB
26579,BB
26575,BB
26573,BB
26572,BB
26568,BB
26566,BB
26563,BB
26562,BB
26561,BB
26560,BB
26559,BB
26557,BB
26555,BB
26553,BB
26552,BB
26551,BB
26546,BB
26544,BB
26539,BB
26534,BB
26532,BB
26531,BB
26529,BB
26525,BB
26519,BB
26516,BB
26514,BB
26511,BB
26510,BB
26509,BB
26507,BB
26505,BB
26504,BB
26503,BB
26499,BB
26498,BB
26497,BB
26496,BB
26494,BB
26492,BB
26490,BB
26488,BB
26485,BB
26483,BB
26479,BB
26478,BB
26466,BB
26465,BB
26464,BB
26463,BB
26461,BB
26460,BB
26459,BB
26457,BB
26455,BB
26453,BB
26449,BB
26445,BB
26444,BB
26439,BB
26438,BB
26437,BB
26435,BB
26432,BB
26431,BB
26430,BB
26429,BB
26422,BB
26421,BB
26420,BB
26419,BB
26418,BB
26417,BB
26416,BB
26412,BB
26409,BB
26408,BB
26404,BB
26403,BB
26400,BB
26394,BB
26393,BB
26390,BB
26389,BB
26388,BB
26383,BB
26381,BB
26380,BB
26371,BB
26370,BB
26368,BB
26362,BB
26358,BB
26356,BB
26353,BB
26350,BB
26349,BB
26348,BB
26347,BB
26343,BB
26342,BB
26341,BB
26340,BB
26339,BB
26332,BB
26330,BB
26325,BB
26319,BB
26317,BB
26316,BB
26315,BB
26306,BB
26305,BB
26304,BB
26302,BB
26299,BB
26298,BB
26297,BB
26296,BB
26295,BB
26293,BB
26288,BB
26287,BB
26284,BB
26280,BB
26279,BB
26276,BB
26275,BB
26274,BB
26273,BB
26267,BB
26266,BB
26265,BB
26263,BB
26262,BB
26261,BB
26260,BB
26253,BB
26246,BB
26245,BB
26244,BB
26243,BB
26239,BB
26237,BB
26233,BB
26230,BB
26226,BB
26225,BB
26222,BB
26221,BB
26219,BB
26216,BB
26212,BB
26210,BB
26207,BB
26205,BB
26202,BB
26201,BB
26200,BB
26199,BB
26195,BB
26191,BB
26190,BB
26189,BB
26186,BB
26185,BB
26183,BB
26182,BB
26181,BB
26179,BB
26176,BB
26175,BB
26174,BB
26173,BB
26172,BB
26171,BB
26165,BB
26164,BB
26163,BB
26160,BB
26159,BB
26157,BB
26156,BB
26154,BB
26151,BB
26144,BB
26141,BB
26140,BB
26138,BB
26135,BB
26133,BB
26131,BB
26126,BB
26125,BB
26123,BB
26122,BB
26121,BB
26117,BB
26115,BB
26114,BB
26110,BB
26102,BB
26098,BB
26096,BB
26094,BB
26086,BB
26082,BB
26077,BB
26076,BB
26075,BB
26072,BB
26071,BB
26065,BB
26063,BB
26059,BB
26058,BB
26056,BB
26055,BB
26052,BB
26039,BB
26037,BB
26035,BB
26033,BB
26032,BB
26030,BB
26028,BB
26025,BB
26022,BB
26012,BB
26009,BB
26005,BB
26002,BB
26000,BB
25989,BB
25988,BB
25987,BB
25985,BB
25984,BB
25981,BB
25980,BB
25979,BB
25978,BB
25977,BB
25974,BB
25961,BB
25957,BB
25949,BB
25948,BB
25945,BB
25944,BB
25943,BB
25942,BB
25937,BB
25936,BB
25934,BB
25929,BB
25916,BB
25908,BB
25906,BB
25904,BB
25896,BB
25891,BB
25890,BB
25889,BB
25883,BB
25876,BB
25870,BB
25861,BB
25857,BB
25856,BB
25854,BB
25853,BB
25849,BB
25842,BB
25840,BB
25839,BB
25837,BB
25836,BB
25831,BB
25829,BB
25825,BB
25819,BB
25805,BB
25804,BB
25803,BB
25802,BB
25801,BB
25796,BB
25790,BB
25789,BB
25786,BB
25782,BB
25781,BB
25778,BB
25772,BB
25769,BB
25768,BB
25761,BB
25760,BB
25759,BB
25758,BB
25757,BB
25755,BB
25753,BB
25751,BB
25749,BB
25748,BB
25746,BB
25737,BB
25736,BB
25735,BB
25727,BB
25722,BB
25720,BB
25718,BB
25717,BB
25715,BB
25714,BB
25712,BB
25711,BB
25710,BB
25709,BB
25708,BB
25705,BB
25699,BB
25698,BB
25693,BB
25690,BB
25688,BB
25687,BB
25686,BB
25681,BB
25677,BB
25673,BB
25671,BB
25670,BB
25669,BB
25656,BB
25653,BB
25651,BB
25649,BB
25646,BB
25640,BB
25630,BB
25627,BB
25626,BB
25623,BB
25622,BB
25621,BB
25612,BB
25608,BB
25604,BB
25603,BB
25598,BB
25597,BB
25596,BB
25591,BB
25583,BB
25574,BB
25568,BB
25567,BB
25559,BB
25558,BB
25557,BB
25555,BB
25553,BB
25544,BB
25541,BB
25533,BB
25530,BB
25528,BB
25523,BB
25522,BB
25521,BB
25520,BB
25519,BB
25516,BB
25511,BB
25508,BB
25500,BB
25496,BB
25492,BB
25485,BB
25481,BB
25474,BB
25471,BB
25470,BB
25461,BB
25460,BB
25456,BB
25453,BB
25448,BB
25447,BB
25443,BB
25440,BB
25432,BB
25431,BB
25429,BB
25428,BB
25427,BB
25424,BB
25415,BB
25412,BB
25409,BB
25406,BB
25402,BB
25401,BB
25400,BB
25398,BB
25397,BB
25395,BB
25394,BB
25393,BB
25387,BB
25386,BB
25385,BB
25374,BB
25373,BB
25370,BB
25366,BB
25363,BB
25361,BB
25360,BB
25359,BB
25356,BB
25351,BB
25348,BB
25347,BB
25345,BB
25339,BB
25338,BB
25324,BB
25321,BB
25319,BB
25318,BB
25311,BB
25309,BB
25298,BB
25296,BB
25295,BB
25291,BB
25287,BB
25283,BB
25276,BB
25273,BB
25267,BB
25265,BB
25263,BB
25259,BB
25258,BB
25257,BB
25256,BB
25255,BB
25250,BB
25247,BB
25245,BB
25244,BB
25243,BB
25237,BB
25235,BB
25231,BB
25228,BB
25223,BB
25221,BB
25217,BB
25212,BB
25207,BB
25206,BB
25205,BB
25200,BB
25199,BB
25193,BB
25187,BB
25186,BB
25182,BB
25181,BB
25179,BB
25177,BB
25172,BB
25169,BB
25168,BB
25167,BB
25152,BB
25150,BB
25148,BB
25145,BB
25142,BB
25137,BB
25129,BB
25122,BB
25121,BB
25118,BB
25117,BB
25116,BB
25112,BB
25108,BB
25107,BB
25105,BB
25103,BB
25099,BB
25098,BB
25095,BB
25093,BB
25090,BB
25089,BB
25087,BB
25081,BB
25077,BB
25073,BB
25072,BB
25070,BB
25066,BB
25053,BB
25052,BB
25051,BB
25047,BB
25046,BB
25036,BB
25035,BB
25027,BB
25024,BB
25023,BB
25022,BB
25021,BB
25019,BB
25018,BB
25016,BB
25015,BB
25010,BB
25002,BB
24997,BB
24996,BB
24995,BB
24992,BB
24987,BB
24985,BB
24984,BB
24973,BB
24963,BB
24962,BB
24961,BB
24959,BB
24955,BB
24954,BB
24948,BB
24942,BB
24934,BB
24931,BB
24930,BB
24928,BB
24922,BB
24921,BB
24920,BB
24919,BB
24916,BB
24914,BB
24913,BB
24911,BB
24909,BB
24903,BB
24902,BB
24901,BB
24900,BB
24899,BB
24891,BB
24890,BB
24889,BB
24888,BB
24887,BB
24885,BB
24883,BB
24875,BB
24869,BB
24864,BB
24862,BB
24853,BB
24848,BB
24847,BB
24843,BB
24842,BB
24833,BB
24823,BB
24822,BB
24821,BB
24820,BB
24817,BB
24809,BB
24808,BB
24807,BB
24806,BB
24802,BB
24801,BB
24798,BB
24791,BB
24788,BB
24782,BB
24780,BB
24779,BB
24777,BB
24776,BB
24772,BB
24770,BB
24767,BB
24766,BB
24763,BB
24762,BB
24761,BB
24755,BB
24753,BB
24752,BB
24751,BB
24747,BB
24745,BB
24743,BB
24742,BB
24740,BB
24730,BB
24729,BB
24721,BB
24705,BB
24701,BB
24696,BB
24695,BB
24694,BB
24693,BB
24692,BB
24683,BB
24681,BB
24677,BB
24676,BB
24673,BB
24668,BB
24667,BB
24666,BB
24665,BB
24661,BB
24660,BB
24659,BB
24656,BB
24652,BB
24649,BB
24647,BB
24645,BB
24643,BB
24639,BB
24638,BB
24633,BB
24632,BB
24624,BB
24622,BB
24618,BB
24612,BB
24611,BB
24609,BB
24608,BB
24606,BB
24604,BB
24603,BB
24602,BB
24601,BB
24600,BB
24599,BB
24596,BB
24595,BB
24594,BB
24592,BB
24591,BB
24589,BB
24588,BB
24587,BB
24584,BB
24583,BB
24581,BB
24580,BB
24575,BB
24574,BB
24571,BB
24570,BB
24568,BB
24562,BB
24561,BB
24542,BB
24541,BB
24536,BB
24532,BB
24531,BB
24529,BB
24528,BB
24525,BB
24522,BB
24520,BB
24519,BB
24518,BB
24517,BB
24516,BB
24515,BB
24514,BB
24506,BB
24505,BB
24502,BB
24500,BB
24498,BB
24487,BB
24483,BB
24481,BB
24472,BB
24471,BB
24469,BB
24468,BB
24459,BB
24458,BB
24457,BB
24453,BB
24451,BB
24442,BB
24441,BB
24437,BB
24436,BB
24434,BB
24433,BB
24431,BB
24430,BB
24429,BB
24428,BB
24425,BB
24424,BB
24414,BB
24412,BB
24410,BB
24408,BB
24405,BB
24404,BB
24399,BB
24396,BB
24393,BB
24389,BB
24385,BB
24384,BB
24381,BB
24375,BB
24371,BB
24370,BB
24368,BB
24366,BB
24363,BB
24360,BB
24357,BB
24356,BB
24352,BB
24348,BB
24346,BB
24344,BB
24342,BB
24341,BB
24340,BB
24339,BB
24334,BB
24330,BB
24329,BB
24327,BB
24325,BB
24322,BB
24319,BB
24316,BB
24311,BB
24304,BB
24303,BB
24296,BB
24295,BB
24294,BB
24293,BB
24277,BB
24275,BB
24274,BB
24265,BB
24242,BB
24241,BB
24237,BB
24236,BB
24232,BB
24231,BB
24228,BB
24223,BB
24221,BB
24217,BB
24211,BB
24207,BB
24206,BB
24204,BB
24202,BB
24201,BB
24197,BB
24196,BB
24195,BB
24191,BB
24187,BB
24184,BB
24183,BB
24180,BB
24178,BB
24177,BB
24175,BB
24174,BB
24173,BB
24168,BB
24167,BB
24166,BB
24165,BB
24164,BB
24163,BB
24162,BB
24158,BB
24157,BB
24151,BB
24148,BB
24147,BB
24146,BB
24145,BB
24144,BB
24143,BB
24142,BB
24138,BB
24127,BB
24121,BB
24119,BB
24118,BB
24117,BB
24115,BB
24111,BB
24110,BB
24108,BB
24105,BB
24097,BB
24094,BB
24091,BB
24090,BB
24088,BB
24086,BB
24083,BB
24082,BB
24081,BB
24079,BB
24076,BB
24075,BB
24074,BB
24068,BB
24066,BB
24063,BB
24062,BB
24061,BB
24060,BB
24059,BB
24057,BB
24052,BB
24051,BB
24050,BB
24049,BB
24042,BB
24034,BB
24033,BB
24029,BB
24024,BB
24023,BB
24022,BB
24016,BB
24010,BB
24009,BB
24008,BB
24004,BB
24003,BB
23998,BB
23997,BB
23992,BB
23991,BB
23990,BB
23988,BB
23986,BB
23981,BB
23980,BB
23979,BB
23978,BB
23977,BB
23976,BB
23975,BB
23974,BB
23966,BB
23964,BB
23960,BB
23958,BB
23957,BB
23955,BB
23953,BB
23952,BB
23948,BB
23946,BB
23945,BB
23943,BB
23941,BB
23939,BB
23938,BB
23936,BB
23933,BB
23932,BB
23931,BB
23929,BB
23928,BB
23921,BB
23920,BB
23915,BB
23914,BB
23913,BB
23912,BB
23910,BB
23909,BB
23908,BB
23905,BB
23903,BB
23901,BB
23900,BB
23898,BB
23896,BB
23895,BB
23894,BB
23893,BB
23890,BB
23889,BB
23886,BB
23881,BB
23873,BB
23870,BB
23869,BB
23868,BB
23866,BB
23865,BB
23860,BB
23858,BB
23857,BB
23856,BB
23855,BB
23853,BB
23852,BB
23850,BB
23849,BB
23847,BB
23846,BB
23845,BB
23844,BB
23840,BB
23837,BB
23834,BB
23833,BB
23831,BB
23824,BB
23817,BB
23807,BB
23806,BB
23804,BB
23797,BB
23796,BB
23794,BB
23793,BB
23792,BB
23791,BB
23788,BB
23785,BB
23783,BB
23773,BB
23769,BB
23764,BB
23762,BB
23761,BB
23757,BB
23756,BB
23755,BB
23742,BB
23740,BB
23739,BB
23737,BB
23732,BB
23731,BB
23725,BB
23722,BB
23720,BB
23718,BB
23715,BB
23714,BB
23713,BB
23706,BB
23703,BB
23702,BB
23695,BB
23688,BB
23681,BB
23676,BB
23668,BB
23664,BB
23656,BB
23655,BB
23653,BB
23652,BB
23650,BB
23649,BB
23648,BB
23639,BB
23636,BB
23625,BB
23619,BB
23605,BB
23603,BB
23599,BB
23597,BB
23590,BB
23589,BB
23584,BB
23583,BB
23580,BB
23573,BB
23571,BB
23570,BB
23568,BB
23566,BB
23561,BB
23558,BB
23557,BB
23543,BB
23540,BB
23535,BB
23534,BB
23533,BB
23531,BB
23530,BB
23529,BB
23523,BB
23518,BB
23517,BB
23515,BB
23510,BB
23504,BB
23498,BB
23496,BB
23489,BB
23488,BB
23487,BB
23484,BB
23483,BB
23479,BB
23475,BB
23474,BB
23473,BB
23472,BB
23471,BB
23468,BB
23466,BB
23463,BB
23454,BB
23453,BB
23451,BB
23450,BB
23441,BB
23429,BB
23428,BB
23427,BB
23426,BB
23425,BB
23424,BB
23423,BB
23422,BB
23418,BB
23417,BB
23415,BB
23413,BB
23410,BB
23406,BB
23393,BB
23389,BB
23386,BB
23385,BB
23382,BB
23381,BB
23380,BB
23379,BB
23375,BB
23370,BB
23365,BB
23362,BB
23359,BB
23358,BB
23354,BB
23347,BB
23340,BB
23322,BB
23321,BB
23317,BB
23316,BB
23314,BB
23312,BB
23310,BB
23309,BB
23307,BB
23304,BB
23301,BB
23298,BB
23291,BB
23289,BB
23287,BB
23285,BB
23284,BB
23282,BB
23281,BB
23280,BB
23279,BB
23278,BB
23277,BB
23275,BB
23273,BB
23271,BB
23267,BB
23266,BB
23263,BB
23262,BB
23257,BB
23256,BB
23255,BB
23254,BB
23253,BB
23252,BB
23249,BB
23247,BB
23246,BB
23245,BB
23237,BB
23235,BB
23234,BB
23233,BB
23232,BB
23231,BB
23229,BB
23228,BB
23226,BB
23211,BB
23209,BB
23208,BB
23205,BB
23203,BB
23201,BB
23200,BB
23197,BB
23196,BB
23195,BB
23193,BB
23187,BB
23186,BB
23185,BB
23182,BB
23181,BB
23180,BB
23179,BB
23178,BB
23176,BB
23174,BB
23173,BB
23170,BB
23168,BB
23166,BB
23159,BB
23158,BB
23156,BB
23154,BB
23153,BB
23152,BB
23151,BB
23148,BB
23147,BB
23146,BB
23144,BB
23140,BB
23139,BB
23138,BB
23137,BB
23134,BB
23124,BB
23120,BB
23119,BB
23118,BB
23117,BB
23116,BB
23115,BB
23105,BB
23104,BB
23103,BB
23099,BB
23093,BB
23092,BB
23090,BB
23088,BB
23087,BB
23085,BB
23084,BB
23083,BB
23082,BB
23081,BB
23080,BB
23079,BB
23077,BB
23076,BB
23075,BB
23074,BB
23073,BB
23070,BB
23067,BB
23065,BB
23064,BB
23061,BB
23058,BB
23057,BB
23056,BB
23052,BB
23050,BB
23048,BB
23044,BB
23041,BB
23031,BB
23029,BB
23027,BB
23026,BB
23025,BB
23024,BB
23023,BB
23021,BB
23020,BB
23012,BB
23010,BB
23009,BB
23007,BB
23006,BB
23005,BB
23004,BB
22996,BB
22979,BB
22978,BB
22977,BB
22976,BB
22975,BB
22974,BB
22973,BB
22971,BB
22967,BB
22963,BB
22962,BB
22957,BB
22948,BB
22943,BB
22941,BB
22940,BB
22939,BB
22937,BB
22932,BB
22931,BB
22925,BB
22924,BB
22923,BB
22922,BB
22921,BB
22920,BB
22917,BB
22916,BB
22915,BB
22911,BB
22909,BB
22908,BB
22906,BB
22904,BB
22903,BB
22902,BB
22901,BB
22899,BB
22897,BB
22896,BB
22895,BB
22894,BB
22893,BB
22890,BB
22889,BB
22888,BB
22887,BB
22886,BB
22885,BB
22884,BB
22883,BB
22879,BB
22878,BB
22877,BB
22873,BB
22872,BB
22871,BB
22869,BB
22867,BB
22864,BB
22859,BB
22857,BB
22854,BB
22853,BB
22852,BB
22850,BB
22848,BB
22847,BB
22846,BB
22845,BB
22843,BB
22841,BB
22840,BB
22837,BB
22836,BB
22835,BB
22831,BB
22830,BB
22829,BB
22828,BB
22825,BB
22823,BB
22822,BB
22818,BB
22817,BB
22810,BB
22807,BB
22806,BB
22805,BB
22803,BB
22802,BB
22801,BB
22797,BB
22796,BB
22794,BB
22792,BB
22791,BB
22790,BB
22787,BB
22786,BB
22782,BB
22781,BB
22780,BB
22779,BB
22773,BB
22770,BB
22769,BB
22768,BB
22764,BB
22763,BB
22758,BB
22752,BB
22747,BB
22739,BB
22738,BB
22734,BB
22731,BB
22727,BB
22726,BB
22724,BB
22721,BB
22710,BB
22702,BB
22697,BB
22694,BB
22691,BB
22684,BB
22676,BB
22675,BB
22674,BB
22673,BB
22672,BB
22671,BB
22670,BB
22669,BB
22667,BB
22666,BB
22663,BB
22662,BB
22660,BB
22658,BB
22655,BB
22654,BB
22651,BB
22650,BB
22645,BB
22644,BB
22640,BB
22639,BB
22637,BB
22633,BB
22632,BB
22630,BB
22627,BB
22622,BB
22619,BB
22618,BB
22617,BB
22616,BB
22615,BB
22614,BB
22613,BB
22609,BB
22606,BB
22603,BB
22602,BB
22601,BB
22595,BB
22585,BB
22582,BB
22580,BB
22579,BB
22578,BB
22577,BB
22576,BB
22574,BB
22573,BB
22570,BB
22569,BB
22567,BB
22566,BB
22563,BB
22562,BB
22558,BB
22555,BB
22552,BB
22551,BB
22549,BB
22547,BB
22541,BB
22540,BB
22539,BB
22533,BB
22531,BB
22530,BB
22528,BB
22526,BB
22519,BB
22518,BB
22517,BB
22516,BB
22504,BB
22501,BB
22497,BB
22496,BB
22495,BB
22494,BB
22492,BB
22491,BB
22488,BB
22485,BB
22484,BB
22480,BB
22479,BB
22477,BB
22476,BB
22472,BB
22469,BB
22463,BB
22462,BB
22452,BB
22451,BB
22450,BB
22446,BB
22441,BB
22438,BB
22437,BB
22436,BB
22435,BB
22431,BB
22428,BB
22426,BB
22424,BB
22420,BB
22419,BB
22418,BB
22411,BB
22408,BB
22407,BB
22404,BB
22402,BB
22401,BB
22400,BB
22399,BB
22398,BB
22395,BB
22394,BB
22393,BB
22389,BB
22385,BB
22382,BB
22381,BB
22379,BB
22374,BB
22371,BB
22368,BB
22366,BB
22362,BB
22361,BB
22357,BB
22355,BB
22354,BB
22353,BB
22352,BB
22351,BB
22350,BB
22348,BB
22347,BB
22344,BB
22340,BB
22339,BB
22338,BB
22334,BB
22330,BB
22329,BB
22326,BB
22321,BB
22320,BB
22319,BB
22318,BB
22317,BB
22313,BB
22312,BB
22308,BB
22307,BB
22306,BB
22305,BB
22304,BB
22303,BB
22302,BB
22301,BB
22300,BB
22299,BB
22293,BB
22292,BB
22291,BB
22290,BB
22289,BB
22288,BB
22283,BB
22277,BB
22274,BB
22273,BB
22272,BB
22271,BB
22270,BB
22268,BB
22257,BB
22256,BB
22255,BB
22254,BB
22249,BB
22248,BB
22247,BB
22241,BB
22240,BB
22239,BB
22232,BB
22230,BB
22227,BB
22225,BB
22224,BB
22222,BB
22221,BB
22219,BB
22215,BB
22210,BB
22208,BB
22207,BB
22203,BB
22202,BB
22201,BB
22200,BB
22198,BB
22197,BB
22192,BB
22191,BB
22184,BB
22183,BB
22178,BB
22177,BB
22175,BB
22173,BB
22171,BB
22170,BB
22169,BB
22158,BB
22156,BB
22155,BB
22153,BB
22151,BB
22150,BB
22149,BB
22147,BB
22145,BB
22140,BB
22139,BB
22136,BB
22135,BB
22133,BB
22131,BB
22130,BB
22127,BB
22126,BB
22125,BB
22123,BB
22121,BB
22120,BB
22110,BB
22108,BB
22103,BB
22100,BB
22090,BB
22081,BB
22080,BB
22079,BB
22073,BB
22072,BB
22070,BB
22068,BB
22067,BB
22066,BB
22061,BB
22060,BB
22059,BB
22057,BB
22047,BB
22046,BB
22043,BB
22042,BB
22040,BB
22039,BB
22038,BB
22037,BB
22035,BB
22034,BB
22031,BB
22030,BB
22029,BB
22028,BB
22027,BB
22022,BB
22021,BB
22013,BB
22004,BB
22002,BB
22000,BB
21997,BB
21993,BB
21986,BB
21982,BB
21978,BB
21977,BB
21976,BB
21974,BB
21970,BB
21965,BB
21960,BB
21958,BB
21955,BB
21946,BB
21944,BB
21939,BB
21935,BB
21928,BB
21926,BB
21919,BB
21918,BB
21915,BB
21914,BB
21913,BB
21912,BB
21911,BB
21905,BB
21901,BB
21899,BB
21897,BB
21892,BB
21891,BB
21889,BB
21887,BB
21886,BB
21885,BB
21870,BB
21866,BB
21865,BB
21862,BB
21857,BB
21856,BB
21855,BB
21850,BB
21849,BB
21847,BB
21845,BB
21843,BB
21835,BB
21832,BB
21825,BB
21821,BB
21819,BB
21816,BB
21811,BB
21806,BB
21795,BB
21790,BB
21789,BB
21787,BB
21781,BB
21772,BB
21766,BB
21754,BB
21747,BB
21745,BB
21744,BB
21742,BB
21740,BB
21739,BB
21736,BB
21734,BB
21732,BB
21726,BB
21725,BB
21721,BB
21716,BB
21712,BB
21709,BB
21704,BB
21695,BB
21691,BB
21689,BB
21684,BB
21682,BB
21675,BB
21674,BB
21672,BB
21671,BB
21668,BB
21662,BB
21661,BB
21660,BB
21657,BB
21655,BB
21648,BB
21646,BB
21645,BB
21644,BB
21643,BB
21638,BB
21635,BB
21633,BB
21631,BB
21625,BB
21624,BB
21621,BB
21620,BB
21617,BB
21613,BB
21610,BB
21609,BB
21604,BB
21603,BB
21593,BB
21584,BB
21580,BB
21576,BB
21569,BB
21557,BB
21552,BB
21551,BB
21549,BB
21544,BB
21542,BB
21541,BB
21531,BB
21530,BB
21524,BB
21522,BB
21520,BB
21513,BB
21512,BB
21507,BB
21506,BB
21505,BB
21502,BB
21497,BB
21485,BB
21482,BB
21481,BB
21474,BB
21468,BB
21467,BB
21463,BB
21462,BB
21458,BB
21440,BB
21434,BB
21429,BB
21428,BB
21423,BB
21421,BB
21417,BB
21415,BB
21412,BB
21411,BB
21410,BB
21406,BB
21403,BB
21402,BB
21396,BB
21395,BB
21393,BB
21380,BB
21367,BB
21363,BB
21358,BB
21357,BB
21352,BB
21343,BB
21336,BB
21334,BB
21333,BB
21332,BB
21326,BB
21325,BB
21313,BB
21312,BB
21309,BB
21303,BB
21300,BB
21298,BB
21297,BB
21295,BB
21294,BB
21292,BB
21285,BB
21281,BB
21278,BB
21273,BB
21272,BB
21264,BB
21263,BB
21260,BB
21259,BB
21256,BB
21255,BB
21254,BB
21253,BB
21252,BB
21248,BB
21247,BB
21245,BB
21244,BB
21243,BB
21242,BB
21241,BB
21239,BB
21237,BB
21236,BB
21226,BB
21225,BB
21224,BB
21222,BB
21220,BB
21217,BB
21215,BB
21211,BB
21210,BB
21198,BB
21197,BB
21194,BB
21191,BB
21190,BB
21182,BB
21179,BB
21178,BB
21173,BB
21172,BB
21159,BB
21158,BB
21151,BB
21144,BB
21140,BB
21139,BB
21137,BB
21136,BB
21132,BB
21125,BB
21123,BB
21116,BB
21115,BB
21114,BB
21108,BB
21107,BB
21104,BB
21100,BB
21099,BB
21098,BB
21097,BB
21095,BB
21094,BB
21089,BB
21083,BB
21081,BB
21079,BB
21078,BB
21076,BB
21071,BB
21064,BB
21062,BB
21055,BB
21049,BB
21046,BB
21045,BB
21038,BB
21021,BB
21014,BB
21013,BB
21012,BB
21011,BB
21002,BB
21001,BB
20999,BB
20998,BB
20992,BB
20987,BB
20980,BB
20975,BB
20969,BB
20968,BB
20966,BB
20962,BB
20959,BB
20958,BB
20956,BB
20952,BB
20951,BB
20950,BB
20949,BB
20946,BB
20945,BB
20944,BB
20942,BB
20941,BB
20939,BB
20938,BB
20937,BB
20936,BB
20935,BB
20933,BB
20932,BB
20929,BB
20927,BB
20920,BB
20916,BB
20913,BB
20910,BB
20909,BB
20904,BB
20903,BB
20895,BB
20894,BB
20893,BB
20892,BB
20890,BB
20883,BB
20881,BB
20879,BB
20874,BB
20873,BB
20869,BB
20867,BB
20865,BB
20864,BB
20862,BB
20859,BB
20857,BB
20853,BB
20851,BB
20850,BB
20845,BB
20842,BB
20840,BB
20838,BB
20836,BB
20833,BB
20831,BB
20829,BB
20827,BB
20826,BB
20823,BB
20822,BB
20821,BB
20817,BB
20813,BB
20808,BB
20802,BB
20801,BB
20800,BB
20792,BB
20786,BB
20785,BB
20783,BB
20782,BB
20776,BB
20775,BB
20773,BB
20767,BB
20762,BB
20761,BB
20760,BB
20756,BB
20755,BB
20754,BB
20749,BB
20748,BB
20730,BB
20729,BB
20728,BB
20727,BB
20715,BB
20713,BB
20712,BB
20709,BB
20708,BB
20706,BB
20705,BB
20704,BB
20703,BB
20702,BB
20699,BB
20694,BB
20686,BB
20685,BB
20681,BB
20675,BB
20670,BB
20669,BB
20662,BB
20660,BB
20651,BB
20646,BB
20643,BB
20642,BB
20635,BB
20622,BB
20615,BB
20613,BB
20608,BB
20605,BB
20603,BB
20601,BB
20598,BB
20594,BB
20593,BB
20592,BB
20587,BB
20585,BB
20583,BB
20575,BB
20568,BB
20567,BB
20559,BB
20557,BB
20548,BB
20547,BB
20545,BB
20544,BB
20543,BB
20540,BB
20539,BB
20535,BB
20534,BB
20530,BB
20527,BB
20525,BB
20524,BB
20518,BB
20517,BB
20516,BB
20512,BB
20509,BB
20508,BB
20507,BB
20502,BB
20498,BB
20493,BB
20492,BB
20483,BB
20481,BB
20473,BB
20472,BB
20462,BB
20458,BB
20456,BB
20444,BB
20434,BB
20430,BB
20427,BB
20423,BB
20422,BB
20420,BB
20418,BB
20414,BB
20404,BB
20403,BB
20400,BB
20399,BB
20397,BB
20394,BB
20393,BB
20389,BB
20385,BB
20383,BB
20378,BB
20375,BB
20361,BB
20359,BB
20352,BB
20351,BB
20349,BB
20331,BB
20328,BB
20326,BB
20324,BB
20316,BB
20315,BB
20313,BB
20312,BB
20311,BB
20306,BB
20302,BB
20299,BB
20298,BB
20294,BB
20291,BB
20289,BB
20282,BB
20271,BB
20267,BB
20266,BB
20265,BB
20263,BB
20262,BB
20260,BB
20255,BB
20253,BB
20248,BB
20247,BB
20246,BB
20236,BB
20233,BB
20232,BB
20230,BB
20228,BB
20227,BB
20222,BB
20221,BB
20220,BB
20218,BB
20216,BB
20214,BB
20211,BB
20207,BB
20195,BB
20194,BB
20191,BB
20189,BB
20187,BB
20186,BB
20184,BB
20183,BB
20182,BB
20178,BB
20177,BB
20176,BB
20174,BB
20173,BB
20171,BB
20170,BB
20169,BB
20168,BB
20167,BB
20162,BB
20160,BB
20159,BB
20153,BB
20151,BB
20150,BB
20149,BB
20148,BB
20147,BB
20144,BB
20143,BB
20142,BB
20139,BB
20138,BB
20137,BB
20135,BB
20132,BB
20123,BB
20119,BB
20113,BB
20112,BB
20104,BB
20102,BB
20100,BB
20092,BB
20090,BB
20079,BB
20078,BB
20077,BB
20075,BB
20073,BB
20070,BB
20069,BB
20068,BB
20065,BB
20060,BB
20059,BB
20057,BB
20055,BB
20052,BB
20050,BB
20048,BB
20045,BB
20044,BB
20043,BB
20029,BB
20028,BB
20025,BB
20024,BB
20023,BB
20022,BB
20021,BB
20020,BB
20016,BB
20007,BB
20002,BB
20000,BB
19997,BB
19995,BB
19994,BB
19993,BB
19986,BB
19985,BB
19984,BB
19975,BB
19974,BB
19973,BB
19971,BB
19970,BB
19966,BB
19964,BB
19963,BB
19961,BB
19957,BB
19956,BB
19955,BB
19953,BB
19952,BB
19951,BB
19950,BB
19942,BB
19939,BB
19934,BB
19933,BB
19927,BB
19921,BB
19920,BB
19916,BB
19914,BB
19913,BB
19912,BB
19909,BB
19908,BB
19902,BB
19900,BB
19897,BB
19894,BB
19892,BB
19891,BB
19890,BB
19889,BB
19885,BB
19884,BB
19879,BB
19876,BB
19872,BB
19861,BB
19858,BB
19856,BB
19850,BB
19847,BB
19846,BB
19843,BB
19842,BB
19828,BB
19826,BB
19820,BB
19816,BB
19814,BB
19811,BB
19810,BB
19795,BB
19794,BB
19788,BB
19780,BB
19776,BB
19774,BB
19773,BB
19760,BB
19755,BB
19751,BB
19745,BB
19742,BB
19740,BB
19739,BB
19738,BB
19734,BB
19729,BB
19728,BB
19727,BB
19722,BB
19721,BB
19719,BB
19718,BB
19708,BB
19704,BB
19702,BB
19699,BB
19698,BB
19696,BB
19695,BB
19692,BB
19685,BB
19683,BB
19680,BB
19678,BB
19677,BB
19676,BB
19675,BB
19673,BB
19671,BB
19670,BB
19667,BB
19665,BB
19663,BB
19661,BB
19660,BB
19657,BB
19656,BB
19654,BB
19650,BB
19648,BB
19647,BB
19646,BB
19644,BB
19641,BB
19640,BB
19635,BB
19632,BB
19629,BB
19628,BB
19625,BB
19619,BB
19614,BB
19612,BB
19602,BB
19601,BB
19597,BB
19594,BB
19588,BB
19587,BB
19586,BB
19584,BB
19583,BB
19581,BB
19577,BB
19576,BB
19574,BB
19573,BB
19572,BB
19569,BB
19568,BB
19561,BB
19560,BB
19558,BB
19557,BB
19555,BB
19554,BB
19544,BB
19538,BB
19537,BB
19536,BB
19535,BB
19533,BB
19532,BB
19531,BB
19528,BB
19526,BB
19525,BB
19524,BB
19523,BB
19519,BB
19517,BB
19516,BB
19514,BB
19510,BB
19508,BB
19506,BB
19504,BB
19502,BB
19484,BB
19477,BB
19471,BB
19461,BB
19459,BB
19453,BB
19452,BB
19446,BB
19444,BB
19441,BB
19440,BB
19439,BB
19436,BB
19435,BB
19431,BB
19430,BB
19421,BB
19419,BB
19412,BB
19406,BB
19404,BB
19397,BB
19396,BB
19395,BB
19390,BB
19389,BB
19386,BB
19385,BB
19384,BB
19381,BB
19375,BB
19370,BB
19369,BB
19367,BB
19365,BB
19364,BB
19351,BB
19350,BB
19349,BB
19342,BB
19336,BB
19320,BB
19318,BB
19317,BB
19316,BB
19314,BB
19313,BB
19310,BB
19309,BB
19308,BB
19307,BB
19306,BB
19305,BB
19302,BB
19301,BB
19300,BB
19298,BB
19293,BB
19289,BB
19287,BB
19286,BB
19285,BB
19284,BB
19282,BB
19281,BB
19273,BB
19256,BB
19247,BB
19245,BB
19243,BB
19241,BB
19240,BB
19238,BB
19236,BB
19235,BB
19234,BB
19233,BB
19231,BB
19230,BB
19229,BB
19228,BB
19225,BB
19224,BB
19217,BB
19214,BB
19213,BB
19211,BB
19210,BB
19208,BB
19207,BB
19205,BB
19201,BB
19198,BB
19193,BB
19190,BB
19187,BB
19178,BB
19168,BB
19166,BB
19165,BB
19161,BB
19160,BB
19153,BB
19150,BB
19141,BB
19139,BB
19138,BB
19137,BB
19134,BB
19133,BB
19132,BB
19131,BB
19130,BB
19128,BB
19127,BB
19126,BB
19124,BB
19121,BB
19120,BB
19118,BB
19115,BB
19114,BB
19113,BB
19107,BB
19100,BB
19098,BB
19095,BB
19092,BB
19088,BB
19083,BB
19080,BB
19079,BB
19078,BB
19077,BB
19076,BB
19075,BB
19072,BB
19066,BB
19065,BB
19064,BB
19057,BB
19056,BB
19053,BB
19052,BB
19051,BB
19048,BB
19047,BB
19046,BB
19043,BB
19041,BB
19040,BB
19037,BB
19036,BB
19034,BB
19033,BB
19031,BB
19030,BB
19029,BB
19028,BB
19027,BB
19024,BB
19023,BB
19022,BB
19021,BB
19017,BB
19016,BB
19015,BB
19012,BB
19011,BB
19009,BB
19008,BB
19007,BB
19006,BB
19004,BB
19000,BB
18997,BB
18995,BB
18992,BB
18988,BB
18985,BB
18979,BB
18976,BB
18971,BB
18967,BB
18966,BB
18963,BB
18962,BB
18961,BB
18955,BB
18953,BB
18940,BB
18938,BB
18937,BB
18934,BB
18933,BB
18927,BB
18925,BB
18918,BB
18913,BB
18909,BB
18906,BB
18905,BB
18899,BB
18897,BB
18895,BB
18892,BB
18891,BB
18889,BB
18887,BB
18885,BB
18882,BB
18880,BB
18879,BB
18877,BB
18876,BB
18875,BB
18873,BB
18864,BB
18863,BB
18857,BB
18854,BB
18853,BB
18852,BB
18851,BB
18850,BB
18846,BB
18844,BB
18842,BB
18839,BB
18838,BB
18833,BB
18831,BB
18823,BB
18821,BB
18820,BB
18819,BB
18816,BB
18815,BB
18814,BB
18807,BB
18806,BB
18805,BB
18798,BB
18797,BB
18792,BB
18789,BB
18784,BB
18778,BB
18776,BB
18772,BB
18771,BB
18770,BB
18765,BB
18755,BB
18751,BB
18748,BB
18746,BB
18741,BB
18733,BB
18728,BB
18727,BB
18724,BB
18720,BB
18717,BB
18716,BB
18713,BB
18709,BB
18707,BB
18706,BB
18705,BB
18702,BB
18701,BB
18700,BB
18699,BB
18697,BB
18696,BB
18695,BB
18682,BB
18681,BB
18680,BB
18679,BB
18677,BB
18676,BB
18674,BB
18671,BB
18665,BB
18659,BB
18655,BB
18653,BB
18649,BB
18644,BB
18638,BB
18637,BB
18636,BB
18633,BB
18630,BB
18626,BB
18625,BB
18623,BB
18622,BB
18621,BB
18603,BB
18601,BB
18599,BB
18597,BB
18596,BB
18595,BB
18589,BB
18584,BB
18572,BB
18571,BB
18563,BB
18560,BB
18559,BB
18558,BB
18557,BB
18553,BB
18552,BB
18550,BB
18549,BB
18547,BB
18546,BB
18543,BB
18542,BB
18541,BB
18540,BB
18537,BB
18531,BB
18529,BB
18527,BB
18526,BB
18525,BB
18524,BB
18521,BB
18520,BB
18518,BB
18513,BB
18512,BB
18509,BB
18508,BB
18507,BB
18497,BB
18495,BB
18494,BB
18487,BB
18483,BB
18470,BB
18469,BB
18467,BB
18466,BB
18465,BB
18464,BB
18463,BB
18462,BB
18461,BB
18460,BB
18458,BB
18457,BB
18448,BB
18447,BB
18444,BB
18438,BB
18429,BB
18427,BB
18413,BB
18402,BB
18400,BB
18393,BB
18390,BB
18379,BB
18376,BB
18368,BB
18366,BB
18363,BB
18360,BB
18359,BB
18356,BB
18355,BB
18354,BB
18353,BB
18348,BB
18344,BB
18341,BB
18338,BB
18332,BB
18328,BB
18327,BB
18325,BB
18320,BB
18319,BB
18317,BB
18313,BB
18312,BB
18311,BB
18310,BB
18309,BB
18306,BB
18303,BB
18302,BB
18295,BB
18290,BB
18288,BB
18287,BB
18285,BB
18284,BB
18282,BB
18280,BB
18275,BB
18267,BB
18265,BB
18261,BB
18259,BB
18258,BB
18248,BB
18247,BB
18241,BB
18238,BB
18236,BB
18235,BB
18231,BB
18230,BB
18229,BB
18227,BB
18220,BB
18219,BB
18212,BB
18210,BB
18201,BB
18196,BB
18194,BB
18192,BB
18191,BB
18189,BB
18188,BB
18187,BB
18183,BB
18180,BB
18177,BB
18172,BB
18164,BB
18158,BB
18155,BB
18151,BB
18144,BB
18142,BB
18141,BB
18139,BB
18138,BB
18132,BB
18130,BB
18129,BB
18127,BB
18126,BB
18124,BB
18123,BB
18121,BB
18120,BB
18112,BB
18110,BB
18101,BB
18096,BB
18084,BB
18075,BB
18074,BB
18067,BB
18066,BB
18065,BB
18064,BB
18063,BB
18062,BB
18061,BB
18059,BB
18058,BB
18057,BB
18056,BB
18055,BB
18054,BB
18051,BB
18045,BB
18042,BB
18039,BB
18038,BB
18026,BB
18024,BB
18023,BB
18014,BB
18013,BB
18000,BB
17999,BB
17993,BB
17992,BB
17982,BB
17981,BB
17980,BB
17979,BB
17971,BB
17970,BB
17969,BB
17960,BB
17952,BB
17948,BB
17947,BB
17945,BB
17941,BB
17939,BB
17938,BB
17933,BB
17929,BB
17924,BB
17921,BB
17914,BB
17912,BB
17907,BB
17903,BB
17901,BB
17900,BB
17898,BB
17893,BB
17892,BB
17890,BB
17889,BB
17888,BB
17883,BB
17882,BB
17881,BB
17880,BB
17879,BB
17877,BB
17876,BB
17874,BB
17866,BB
17864,BB
17863,BB
17862,BB
17860,BB
17855,BB
17853,BB
17847,BB
17846,BB
17844,BB
17840,BB
17838,BB
17837,BB
17827,BB
17821,BB
17816,BB
17815,BB
17813,BB
17812,BB
17811,BB
17809,BB
17808,BB
17807,BB
17805,BB
17804,BB
17788,BB
17787,BB
17785,BB
17784,BB
17783,BB
17782,BB
17778,BB
17777,BB
17775,BB
17774,BB
17772,BB
17771,BB
17768,BB
17764,BB
17761,BB
17760,BB
17759,BB
17758,BB
17755,BB
17753,BB
17748,BB
17747,BB
17746,BB
17745,BB
17743,BB
17741,BB
17740,BB
17737,BB
17735,BB
17733,BB
17731,BB
17730,BB
17729,BB
17727,BB
17726,BB
17725,BB
17723,BB
17720,BB
17719,BB
17718,BB
17716,BB
17715,BB
17708,BB
17706,BB
17704,BB
17703,BB
17697,BB
17694,BB
17693,BB
17691,BB
17690,BB
17688,BB
17680,BB
17679,BB
17677,BB
17676,BB
17675,BB
17671,BB
17670,BB
17668,BB
17658,BB
17656,BB
17655,BB
17653,BB
17652,BB
17646,BB
17643,BB
17642,BB
17637,BB
17627,BB
17626,BB
17622,BB
17620,BB
17619,BB
17618,BB
17613,BB
17612,BB
17611,BB
17610,BB
17609,BB
17608,BB
17602,BB
17595,BB
17591,BB
17589,BB
17588,BB
17587,BB
17586,BB
17583,BB
17577,BB
17575,BB
17571,BB
17569,BB
17566,BB
17559,BB
17554,BB
17553,BB
17551,BB
17550,BB
17549,BB
17548,BB
17547,BB
17546,BB
17545,BB
17544,BB
17541,BB
17540,BB
17539,BB
17535,BB
17529,BB
17528,BB
17526,BB
17525,BB
17524,BB
17523,BB
17521,BB
17520,BB
17519,BB
17518,BB
17517,BB
17516,BB
17515,BB
17508,BB
17497,BB
17495,BB
17494,BB
17493,BB
17492,BB
17490,BB
17488,BB
17485,BB
17484,BB
17483,BB
17482,BB
17480,BB
17476,BB
17474,BB
17473,BB
17472,BB
17468,BB
17467,BB
17466,BB
17463,BB
17462,BB
17461,BB
17459,BB
17457,BB
17456,BB
17455,BB
17452,BB
17448,BB
17444,BB
17442,BB
17441,BB
17440,BB
17439,BB
17438,BB
17437,BB
17436,BB
17434,BB
17430,BB
17429,BB
17428,BB
17427,BB
17426,BB
17424,BB
17422,BB
17420,BB
17414,BB
17413,BB
17412,BB
17408,BB
17405,BB
17403,BB
17399,BB
17393,BB
17389,BB
17387,BB
17384,BB
17383,BB
17381,BB
17380,BB
17378,BB
17377,BB
17375,BB
17374,BB
17372,BB
17371,BB
17370,BB
17369,BB
17368,BB
17367,BB
17366,BB
17365,BB
17364,BB
17363,BB
17362,BB
17359,BB
17355,BB
17354,BB
17351,BB
17350,BB
17348,BB
17340,BB
17335,BB
17332,BB
17331,BB
17328,BB
17326,BB
17325,BB
17324,BB
17319,BB
17317,BB
17283,BB
17282,BB
17273,BB
17269,BB
17265,BB
17264,BB
17258,BB
17256,BB
17255,BB
17251,BB
17250,BB
17249,BB
17248,BB
17247,BB
17245,BB
17243,BB
17240,BB
17237,BB
17232,BB
17228,BB
17226,BB
17224,BB
17223,BB
17221,BB
17217,BB
17216,BB
17213,BB
17212,BB
17204,BB
17203,BB
17198,BB
17196,BB
17195,BB
17194,BB
17193,BB
17192,BB
17190,BB
17189,BB
17183,BB
17182,BB
17181,BB
17178,BB
17177,BB
17176,BB
17172,BB
17171,BB
17170,BB
17169,BB
17168,BB
17167,BB
17164,BB
17162,BB
17159,BB
17158,BB
17157,BB
17156,BB
17155,BB
17153,BB
17147,BB
17145,BB
17144,BB
17142,BB
17138,BB
17137,BB
17136,BB
17135,BB
17134,BB
17132,BB
17131,BB
17130,BB
17126,BB
17125,BB
17124,BB
17123,BB
17122,BB
17120,BB
17119,BB
17117,BB
17115,BB
17112,BB
17110,BB
17109,BB
17102,BB
17099,BB
17097,BB
17094,BB
17090,BB
17089,BB
17087,BB
17086,BB
17085,BB
17082,BB
17080,BB
17079,BB
17078,BB
17073,BB
17072,BB
17071,BB
17069,BB
17068,BB
17061,BB
17060,BB
17059,BB
17058,BB
17057,BB
17056,BB
17055,BB
17052,BB
17049,BB
17048,BB
17046,BB
17044,BB
17039,BB
17037,BB
17035,BB
17034,BB
17033,BB
17032,BB
17031,BB
17029,BB
17027,BB
17025,BB
17019,BB
17014,BB
17012,BB
17009,BB
17008,BB
17007,BB
17006,BB
17005,BB
17001,BB
16998,BB
16997,BB
16996,BB
16995,BB
16993,BB
16990,BB
16988,BB
16987,BB
16986,BB
16982,BB
16980,BB
16979,BB
16978,BB
16974,BB
16972,BB
16971,BB
16969,BB
16966,BB
16965,BB
16964,BB
16962,BB
16961,BB
16960,BB
16958,BB
16957,BB
16956,BB
16953,BB
16952,BB
16951,BB
16946,BB
16945,BB
16943,BB
16942,BB
16941,BB
16940,BB
16939,BB
16938,BB
16936,BB
16934,BB
16932,BB
16930,BB
16929,BB
16928,BB
16927,BB
16926,BB
16924,BB
16922,BB
16921,BB
16920,BB
16919,BB
16918,BB
16916,BB
16915,BB
16914,BB
16912,BB
16908,BB
16906,BB
16904,BB
16902,BB
16901,BB
16900,BB
16899,BB
16896,BB
16895,BB
16889,BB
16887,BB
16885,BB
16884,BB
16883,BB
16880,BB
16878,BB
16877,BB
16876,BB
16875,BB
16873,BB
16871,BB
16869,BB
16868,BB
16867,BB
16866,BB
16865,BB
16862,BB
16861,BB
16858,BB
16856,BB
16855,BB
16853,BB
16852,BB
16851,BB
16850,BB
16849,BB
16847,BB
16846,BB
16845,BB
16844,BB
16842,BB
16841,BB
16840,BB
16839,BB
16838,BB
16836,BB
16832,BB
16831,BB
16830,BB
16826,BB
16825,BB
16824,BB
16821,BB
16820,BB
16819,BB
16818,BB
16817,BB
16816,BB
16815,BB
16806,BB
16805,BB
16804,BB
16802,BB
16801,BB
16800,BB
16799,BB
16798,BB
16797,BB
16796,BB
16793,BB
16792,BB
16791,BB
16787,BB
16786,BB
16785,BB
16783,BB
16782,BB
16781,BB
16780,BB
16779,BB
16778,BB
16777,BB
16776,BB
16773,BB
16772,BB
16770,BB
16768,BB
16767,BB
16766,BB
16765,BB
16764,BB
16763,BB
16762,BB
16760,BB
16757,BB
16756,BB
16755,BB
16753,BB
16751,BB
16750,BB
16747,BB
16744,BB
16739,BB
16733,BB
16731,BB
16730,BB
16729,BB
16728,BB
16727,BB
16725,BB
16723,BB
16722,BB
16721,BB
16720,BB
16719,BB
16717,BB
16713,BB
16712,BB
16710,BB
16709,BB
16706,BB
16705,BB
16704,BB
16701,BB
16695,BB
16694,BB
16693,BB
16690,BB
16689,BB
16688,BB
16687,BB
16686,BB
16685,BB
16682,BB
16676,BB
16675,BB
16674,BB
16673,BB
16672,BB
16671,BB
16670,BB
16667,BB
16666,BB
16665,BB
16664,BB
16663,BB
16662,BB
16661,BB
16660,BB
16659,BB
16658,BB
16656,BB
16655,BB
16653,BB
16651,BB
16650,BB
16649,BB
16647,BB
16645,BB
16641,BB
16639,BB
16638,BB
16637,BB
16636,BB
16632,BB
16629,BB
16628,BB
16627,BB
16626,BB
16624,BB
16622,BB
16620,BB
16619,BB
16617,BB
16616,BB
16615,BB
16614,BB
16612,BB
16611,BB
16608,BB
16607,BB
16605,BB
16602,BB
16601,BB
16600,BB
16597,BB
16596,BB
16595,BB
16591,BB
16588,BB
16586,BB
16585,BB
16582,BB
16581,BB
16580,BB
16578,BB
16577,BB
16575,BB
16573,BB
16572,BB
16571,BB
16570,BB
16567,BB
16566,BB
16564,BB
16563,BB
16560,BB
16559,BB
16558,BB
16556,BB
16555,BB
16554,BB
16550,BB
16549,BB
16548,BB
16547,BB
16545,BB
16544,BB
16542,BB
16541,BB
16540,BB
16539,BB
16536,BB
16535,BB
16534,BB
16532,BB
16531,BB
16530,BB
16528,BB
16527,BB
16525,BB
16524,BB
16522,BB
16520,BB
16518,BB
16516,BB
16513,BB
16510,BB
16509,BB
16508,BB
16507,BB
16506,BB
16505,BB
16503,BB
16502,BB
16500,BB
16497,BB
16496,BB
16494,BB
16492,BB
16491,BB
16490,BB
16488,BB
16487,BB
16486,BB
16485,BB
16484,BB
16483,BB
16481,BB
16479,BB
16478,BB
16475,BB
16474,BB
16472,BB
16471,BB
16470,BB
16469,BB
16461,BB
16459,BB
16457,BB
16456,BB
16454,BB
16453,BB
16452,BB
16451,BB
16449,BB
16448,BB
16446,BB
16445,BB
16444,BB
16441,BB
16439,BB
16438,BB
16437,BB
16429,BB
16428,BB
16425,BB
16424,BB
16422,BB
16421,BB
16420,BB
16418,BB
16416,BB
16415,BB
16412,BB
16411,BB
16410,BB
16406,BB
16405,BB
16404,BB
16403,BB
16397,BB
16395,BB
16394,BB
16393,BB
16388,BB
16382,BB
16375,BB
16374,BB
16373,BB
16371,BB
16366,BB
16363,BB
16360,BB
16359,BB
16357,BB
16356,BB
16355,BB
16354,BB
16353,BB
16352,BB
16351,BB
16350,BB
16349,BB
16347,BB
16345,BB
16343,BB
16342,BB
16340,BB
16339,BB
16338,BB
16337,BB
16335,BB
16334,BB
16333,BB
16330,BB
16328,BB
16327,BB
16325,BB
16324,BB
16321,BB
16320,BB
16319,BB
16318,BB
16317,BB
16316,BB
16313,BB
16312,BB
16310,BB
16308,BB
16307,BB
16306,BB
16305,BB
16304,BB
16303,BB
16299,BB
16296,BB
16295,BB
16294,BB
16292,BB
16291,BB
16290,BB
16287,BB
16286,BB
16280,BB
16279,BB
16278,BB
16277,BB
16275,BB
16271,BB
16270,BB
16269,BB
16268,BB
16267,BB
16266,BB
16265,BB
16264,BB
16262,BB
16261,BB
16260,BB
16256,BB
16255,BB
16254,BB
16253,BB
16252,BB
16249,BB
16248,BB
16247,BB
16244,BB
16242,BB
16241,BB
16240,BB
16234,BB
16233,BB
16228,BB
16226,BB
16225,BB
16224,BB
16223,BB
16222,BB
16221,BB
16220,BB
16218,BB
16217,BB
16216,BB
16214,BB
16212,BB
16207,BB
16205,BB
16204,BB
16203,BB
16201,BB
16199,BB
16198,BB
16196,BB
16195,BB
16194,BB
16193,BB
16192,BB
16191,BB
16190,BB
16189,BB
16188,BB
16187,BB
16185,BB
16184,BB
16183,BB
16182,BB
16181,BB
16180,BB
16179,BB
16178,BB
16176,BB
16175,BB
16171,BB
16169,BB
16168,BB
16165,BB
16164,BB
16161,BB
16160,BB
16157,BB
16156,BB
16152,BB
16151,BB
16149,BB
16147,BB
16145,BB
16144,BB
16142,BB
16141,BB
16140,BB
16138,BB
16133,BB
16132,BB
16131,BB
16130,BB
16129,BB
16127,BB
16126,BB
16125,BB
16124,BB
16122,BB
16120,BB
16119,BB
16115,BB
16114,BB
16113,BB
16111,BB
16110,BB
16107,BB
16106,BB
16103,BB
16101,BB
16100,BB
16099,BB
16097,BB
16096,BB
16095,BB
16094,BB
16092,BB
16091,BB
16089,BB
16086,BB
16080,BB
16079,BB
16078,BB
16077,BB
16075,BB
16073,BB
16072,BB
16067,BB
16065,BB
16064,BB
16063,BB
16059,BB
16058,BB
16057,BB
16056,BB
16055,BB
16054,BB
16052,BB
16051,BB
16050,BB
16048,BB
16045,BB
16044,BB
16043,BB
16042,BB
16041,BB
16038,BB
16037,BB
16032,BB
16031,BB
16030,BB
16028,BB
16027,BB
16025,BB
16024,BB
16023,BB
16020,BB
16019,BB
16016,BB
16015,BB
16014,BB
16013,BB
16012,BB
16010,BB
16009,BB
16008,BB
16007,BB
16006,BB
16005,BB
16002,BB
16001,BB
15998,BB
15997,BB
15996,BB
15990,BB
15988,BB
15987,BB
15986,BB
15984,BB
15981,BB
15978,BB
15976,BB
15975,BB
15972,BB
15971,BB
15970,BB
15969,BB
15968,BB
15967,BB
15966,BB
15964,BB
15917,BB
15898,BB
15897,BB
15896,BB
15895,BB
15894,BB
15893,BB
15892,BB
15891,BB
15890,BB
15889,BB
15888,BB
15887,BB
15885,BB
15884,BB
15883,BB
15882,BB
15880,BB
15879,BB
15877,BB
15876,BB
15875,BB
15874,BB
15872,BB
15871,BB
15870,BB
15869,BB
15866,BB
15865,BB
15864,BB
15863,BB
15861,BB
15860,BB
15859,BB
15858,BB
15857,BB
15852,BB
15850,BB
15849,BB
15846,BB
15845,BB
15844,BB
15843,BB
15842,BB
15840,BB
15839,BB
15837,BB
15836,BB
15835,BB
15834,BB
15833,BB
15829,BB
15828,BB
15827,BB
15826,BB
15817,BB
15816,BB
15814,BB
15813,BB
15810,BB
15809,BB
15808,BB
15807,BB
15806,BB
15805,BB
15801,BB
15800,BB
15799,BB
15798,BB
15797,BB
15796,BB
15795,BB
15793,BB
15791,BB
15790,BB
15789,BB
15788,BB
15787,BB
15786,BB
15785,BB
15783,BB
15781,BB
15780,BB
15779,BB
15778,BB
15777,BB
15776,BB
15773,BB
15772,BB
15771,BB
15770,BB
15765,BB
15762,BB
15761,BB
15760,BB
15759,BB
15757,BB
15756,BB
15754,BB
15752,BB
15750,BB
15749,BB
15746,BB
15745,BB
15744,BB
15743,BB
15742,BB
15740,BB
15739,BB
15738,BB
15735,BB
15732,BB
15726,BB
15725,BB
15724,BB
15723,BB
15715,BB
15712,BB
15710,BB
15708,BB
15706,BB
15705,BB
15704,BB
15701,BB
15699,BB
15697,BB
15696,BB
15695,BB
15694,BB
15692,BB
15691,BB
15690,BB
15689,BB
15688,BB
15687,BB
15686,BB
15684,BB
15683,BB
15678,BB
15674,BB
15673,BB
15669,BB
15666,BB
15665,BB
15660,BB
15659,BB
15658,BB
15655,BB
15653,BB
15652,BB
15640,BB
15638,BB
15637,BB
15634,BB
15633,BB
15632,BB
15631,BB
15630,BB
15629,BB
15627,BB
15621,BB
15619,BB
15616,BB
15614,BB
15613,BB
15612,BB
15609,BB
15607,BB
15606,BB
15605,BB
15604,BB
15602,BB
15601,BB
15600,BB
15599,BB
15598,BB
15597,BB
15596,BB
15595,BB
15592,BB
15589,BB
15585,BB
15580,BB
15579,BB
15577,BB
15576,BB
15575,BB
15572,BB
15571,BB
15570,BB
15569,BB
15568,BB
15567,BB
15566,BB
15564,BB
15561,BB
15560,BB
15557,BB
15555,BB
15554,BB
15553,BB
15552,BB
15551,BB
15550,BB
15549,BB
15545,BB
15538,BB
15537,BB
15534,BB
15533,BB
15532,BB
15531,BB
15529,BB
15528,BB
15526,BB
15524,BB
15523,BB
15515,BB
15514,BB
15510,BB
15509,BB
15508,BB
15507,BB
15506,BB
15505,BB
15503,BB
15502,BB
15496,BB
15495,BB
15491,BB
15490,BB
15489,BB
15485,BB
15482,BB
15481,BB
15477,BB
15476,BB
15474,BB
15473,BB
15471,BB
15470,BB
15469,BB
15468,BB
15465,BB
15464,BB
15462,BB
15461,BB
15460,BB
15459,BB
15457,BB
15456,BB
15455,BB
15453,BB
15451,BB
15450,BB
15449,BB
15447,BB
15446,BB
15442,BB
15440,BB
15437,BB
15436,BB
15435,BB
15434,BB
15433,BB
15432,BB
15431,BB
15430,BB
15425,BB
15423,BB
15422,BB
15419,BB
15418,BB
15417,BB
15412,BB
15409,BB
15407,BB
15405,BB
15404,BB
15403,BB
15402,BB
15400,BB
15396,BB
15395,BB
15391,BB
15388,BB
15385,BB
15384,BB
15383,BB
15382,BB
15381,BB
15380,BB
15379,BB
15377,BB
15376,BB
15373,BB
15370,BB
15369,BB
15367,BB
15366,BB
15365,BB
15364,BB
15363,BB
15362,BB
15360,BB
15359,BB
15358,BB
15355,BB
15354,BB
15353,BB
15348,BB
15346,BB
15344,BB
15343,BB
15342,BB
15341,BB
15340,BB
15339,BB
15337,BB
15336,BB
15334,BB
15333,BB
15332,BB
15327,BB
15325,BB
15324,BB
15323,BB
15319,BB
15318,BB
15317,BB
15316,BB
15315,BB
15313,BB
15312,BB
15311,BB
15310,BB
15307,BB
15306,BB
15305,BB
15302,BB
15300,BB
15299,BB
15297,BB
15296,BB
15295,BB
15294,BB
15293,BB
15292,BB
15291,BB
15289,BB
15288,BB
15287,BB
15284,BB
15283,BB
15282,BB
15281,BB
15280,BB
15279,BB
15278,BB
15277,BB
15273,BB
15271,BB
15269,BB
15264,BB
15263,BB
15262,BB
15261,BB
15260,BB
15258,BB
15257,BB
15256,BB
15255,BB
15253,BB
15252,BB
15248,BB
15247,BB
15243,BB
15239,BB
15236,BB
15235,BB
15234,BB
15233,BB
15231,BB
15229,BB
15225,BB
15224,BB
15223,BB
15220,BB
15219,BB
15213,BB
15212,BB
15211,BB
15210,BB
15209,BB
15208,BB
15207,BB
15206,BB
15204,BB
15203,BB
15202,BB
15200,BB
15199,BB
15197,BB
15194,BB
15193,BB
15190,BB
15189,BB
15186,BB
15183,BB
15180,BB
15179,BB
15178,BB
15175,BB
15171,BB
15169,BB
15168,BB
15167,BB
15164,BB
15161,BB
15159,BB
15158,BB
15157,BB
15156,BB
15154,BB
15151,BB
15150,BB
15149,BB
15148,BB
15147,BB
15146,BB
15145,BB
15144,BB
15143,BB
15142,BB
15141,BB
15140,BB
15139,BB
15138,BB
15134,BB
15133,BB
15132,BB
15131,BB
15130,BB
15129,BB
15128,BB
15126,BB
15123,BB
15122,BB
15120,BB
15119,BB
15118,BB
15114,BB
15113,BB
15112,BB
15108,BB
15107,BB
15106,BB
15105,BB
15103,BB
15101,BB
15100,BB
15099,BB
15098,BB
15097,BB
15096,BB
15095,BB
15094,BB
15093,BB
15089,BB
15088,BB
15087,BB
15086,BB
15085,BB
15084,BB
15081,BB
15080,BB
15079,BB
15077,BB
15076,BB
15072,BB
15071,BB
15070,BB
15068,BB
15065,BB
15064,BB
15062,BB
15061,BB
15057,BB
15054,BB
15052,BB
15051,BB
15050,BB
15049,BB
15046,BB
15045,BB
15043,BB
15042,BB
15039,BB
15037,BB
15036,BB
15035,BB
15034,BB
15030,BB
15027,BB
15024,BB
15022,BB
15018,BB
15016,BB
15015,BB
15013,BB
15012,BB
15010,BB
15009,BB
15007,BB
15005,BB
15004,BB
15002,BB
14999,BB
14998,BB
14996,BB
14995,BB
14994,BB
14993,BB
14992,BB
14990,BB
14988,BB
14987,BB
14986,BB
14984,BB
14981,BB
14980,BB
14978,BB
14977,BB
14975,BB
14974,BB
14972,BB
14969,BB
14968,BB
14967,BB
14966,BB
14965,BB
14963,BB
14962,BB
14961,BB
14960,BB
14959,BB
14957,BB
14954,BB
14953,BB
14951,BB
14948,BB
14947,BB
14945,BB
14944,BB
14943,BB
14941,BB
14940,BB
14937,BB
14935,BB
14932,BB
14931,BB
14930,BB
14922,BB
14916,BB
14915,BB
14912,BB
14911,BB
14910,BB
14909,BB
14908,BB
14907,BB
14906,BB
14904,BB
14903,BB
14902,BB
14901,BB
14900,BB
14899,BB
14898,BB
14897,BB
14896,BB
14895,BB
14894,BB
14893,BB
14891,BB
14889,BB
14887,BB
14886,BB
14884,BB
14882,BB
14881,BB
14880,BB
14879,BB
14878,BB
14876,BB
14875,BB
14873,BB
14871,BB
14870,BB
14868,BB
14866,BB
14865,BB
14864,BB
14863,BB
14862,BB
14858,BB
14857,BB
14856,BB
14855,BB
14854,BB
14853,BB
14852,BB
14851,BB
14850,BB
14849,BB
14847,BB
14846,BB
14845,BB
14843,BB
14842,BB
14841,BB
14836,BB
14835,BB
14834,BB
14833,BB
14832,BB
14830,BB
14829,BB
14828,BB
14823,BB
14821,BB
14820,BB
14818,BB
14817,BB
14816,BB
14810,BB
14809,BB
14804,BB
14802,BB
14801,BB
14800,BB
14799,BB
14798,BB
14797,BB
14796,BB
14795,BB
14794,BB
14790,BB
14789,BB
14787,BB
14785,BB
14784,BB
14779,BB
14777,BB
14776,BB
14775,BB
14773,BB
14772,BB
14771,BB
14770,BB
14768,BB
14765,BB
14764,BB
14763,BB
14760,BB
14759,BB
14758,BB
14757,BB
14751,BB
14747,BB
14746,BB
14745,BB
14744,BB
14743,BB
14742,BB
14740,BB
14736,BB
14735,BB
14734,BB
14733,BB
14730,BB
14729,BB
14727,BB
14724,BB
14722,BB
14721,BB
14719,BB
14718,BB
14717,BB
14713,BB
14711,BB
14710,BB
14709,BB
14708,BB
14707,BB
14706,BB
14702,BB
14696,BB
14695,BB
14694,BB
14693,BB
14692,BB
14691,BB
14690,BB
14688,BB
14686,BB
14685,BB
14684,BB
14682,BB
14680,BB
14676,BB
14675,BB
14673,BB
14672,BB
14671,BB
14670,BB
14668,BB
14666,BB
14665,BB
14661,BB
14660,BB
14655,BB
14654,BB
14651,BB
14650,BB
14648,BB
14647,BB
14644,BB
14643,BB
14642,BB
14641,BB
14636,BB
14635,BB
14634,BB
14632,BB
14631,BB
14630,BB
14629,BB
14628,BB
14627,BB
14626,BB
14625,BB
14621,BB
14620,BB
14619,BB
14618,BB
14617,BB
14614,BB
14612,BB
14611,BB
14606,BB
14605,BB
14604,BB
14602,BB
14600,BB
14599,BB
14597,BB
14596,BB
14593,BB
14591,BB
14590,BB
14589,BB
14586,BB
14584,BB
14582,BB
14579,BB
14572,BB
14570,BB
14569,BB
14568,BB
14566,BB
14562,BB
14558,BB
14557,BB
14550,BB
14547,BB
14546,BB
14545,BB
14544,BB
14540,BB
14539,BB
14538,BB
14537,BB
14536,BB
14534,BB
14532,BB
14530,BB
14529,BB
14528,BB
14525,BB
14524,BB
14523,BB
14521,BB
14520,BB
14519,BB
14514,BB
14513,BB
14512,BB
14511,BB
14510,BB
14509,BB
14508,BB
14507,BB
14504,BB
14500,BB
14499,BB
14498,BB
14497,BB
14496,BB
14491,BB
14488,BB
14486,BB
14481,BB
14480,BB
14479,BB
14478,BB
14477,BB
14475,BB
14472,BB
14468,BB
14467,BB
14462,BB
14461,BB
14460,BB
14458,BB
14456,BB
14454,BB
14453,BB
14452,BB
14450,BB
14449,BB
14448,BB
14447,BB
14446,BB
14445,BB
14444,BB
14441,BB
14440,BB
14439,BB
14438,BB
14433,BB
14432,BB
14431,BB
14430,BB
14429,BB
14428,BB
14427,BB
14426,BB
14423,BB
14418,BB
14416,BB
14415,BB
14414,BB
14413,BB
14412,BB
14411,BB
14409,BB
14408,BB
14407,BB
14406,BB
14405,BB
14404,BB
14402,BB
14401,BB
14399,BB
14397,BB
14396,BB
14395,BB
14394,BB
14393,BB
14392,BB
14391,BB
14390,BB
14389,BB
14384,BB
14383,BB
14380,BB
14378,BB
14377,BB
14376,BB
14375,BB
14373,BB
14371,BB
14367,BB
14365,BB
14364,BB
14363,BB
14362,BB
14361,BB
14360,BB
14358,BB
14357,BB
14355,BB
14354,BB
14353,BB
14350,BB
14348,BB
14347,BB
14346,BB
14343,BB
14341,BB
14340,BB
14337,BB
14336,BB
14333,BB
14332,BB
14330,BB
14329,BB
14327,BB
14324,BB
14323,BB
14321,BB
14320,BB
14317,BB
14315,BB
14313,BB
14308,BB
14306,BB
14305,BB
14304,BB
14303,BB
14302,BB
14301,BB
14299,BB
14298,BB
14295,BB
14294,BB
14293,BB
14292,BB
14291,BB
14288,BB
14287,BB
14284,BB
14283,BB
14280,BB
14279,BB
14278,BB
14277,BB
14276,BB
14273,BB
14272,BB
14270,BB
14269,BB
14268,BB
14267,BB
14266,BB
14265,BB
14263,BB
14262,BB
14261,BB
14260,BB
14259,BB
14258,BB
14253,BB
14252,BB
14251,BB
14250,BB
14241,BB
14238,BB
14236,BB
14234,BB
14233,BB
14231,BB
14229,BB
14228,BB
14227,BB
14226,BB
14225,BB
14224,BB
14223,BB
14222,BB
14221,BB
14220,BB
14219,BB
14218,BB
14217,BB
14216,BB
14214,BB
14213,BB
14212,BB
14210,BB
14208,BB
14207,BB
14204,BB
14203,BB
14202,BB
14196,BB
14195,BB
14194,BB
14193,BB
14192,BB
14191,BB
14189,BB
14187,BB
14186,BB
14185,BB
14184,BB
14183,BB
14181,BB
14180,BB
14179,BB
14177,BB
14176,BB
14169,BB
14166,BB
14165,BB
14164,BB
14163,BB
14162,BB
14161,BB
14158,BB
14157,BB
14156,BB
14155,BB
14154,BB
14151,BB
14150,BB
14149,BB
14148,BB
14145,BB
14144,BB
14143,BB
14142,BB
14141,BB
14138,BB
14137,BB
14134,BB
14133,BB
14132,BB
14131,BB
14130,BB
14129,BB
14128,BB
14126,BB
14123,BB
14120,BB
14117,BB
14116,BB
14115,BB
14110,BB
14108,BB
14107,BB
14106,BB
14105,BB
14104,BB
14102,BB
14099,BB
14097,BB
14096,BB
14095,BB
14094,BB
14093,BB
14092,BB
14089,BB
14087,BB
14086,BB
14085,BB
14084,BB
14083,BB
14082,BB
14081,BB
14078,BB
14077,BB
14075,BB
14071,BB
14070,BB
14069,BB
14066,BB
14054,BB
14043,BB
14042,BB
14036,BB
14035,BB
14034,BB
14033,BB
14032,BB
14031,BB
14030,BB
14029,BB
14025,BB
14023,BB
14021,BB
14016,BB
14012,BB
14011,BB
14010,BB
14009,BB
14008,BB
14005,BB
14004,BB
14002,BB
14001,BB
13998,BB
13996,BB
13995,BB
13992,BB
13991,BB
13990,BB
13989,BB
13988,BB
13987,BB
13986,BB
13982,BB
13981,BB
13980,BB
13976,BB
13975,BB
13973,BB
13971,BB
13970,BB
13968,BB
13967,BB
13965,BB
13964,BB
13961,BB
13960,BB
13957,BB
13956,BB
13955,BB
13952,BB
13949,BB
13945,BB
13938,BB
13935,BB
13934,BB
13933,BB
13932,BB
13930,BB
13929,BB
13926,BB
13925,BB
13923,BB
13922,BB
13920,BB
13917,BB
13913,BB
13911,BB
13909,BB
13908,BB
13906,BB
13903,BB
13901,BB
13899,BB
13898,BB
13897,BB
13893,BB
13892,BB
13891,BB
13885,BB
13882,BB
13877,BB
13876,BB
13874,BB
13873,BB
13870,BB
13869,BB
13868,BB
13867,BB
13864,BB
13862,BB
13860,BB
13859,BB
13858,BB
13848,BB
13847,BB
13846,BB
13838,BB
13834,BB
13829,BB
13825,BB
13824,BB
13820,BB
13819,BB
13818,BB
13813,BB
13812,BB
13811,BB
13809,BB
13807,BB
13805,BB
13803,BB
13802,BB
13795,BB
13794,BB
13792,BB
13783,BB
13782,BB
13781,BB
13780,BB
13778,BB
13777,BB
13776,BB
13774,BB
13773,BB
13772,BB
13771,BB
13768,BB
13765,BB
13764,BB
13760,BB
13759,BB
13755,BB
13754,BB
13752,BB
13750,BB
13749,BB
13746,BB
13745,BB
13744,BB
13743,BB
13740,BB
13738,BB
13734,BB
13732,BB
13731,BB
13730,BB
13729,BB
13727,BB
13726,BB
13725,BB
13724,BB
13723,BB
13722,BB
13719,BB
13713,BB
13712,BB
13711,BB
13709,BB
13708,BB
13706,BB
13704,BB
13703,BB
13699,BB
13698,BB
13695,BB
13694,BB
13693,BB
13692,BB
13690,BB
13689,BB
13688,BB
13681,BB
13680,BB
13678,BB
13677,BB
13675,BB
13668,BB
13667,BB
13665,BB
13663,BB
13659,BB
13658,BB
13655,BB
13653,BB
13651,BB
13648,BB
13647,BB
13643,BB
13642,BB
13640,BB
13638,BB
13637,BB
13636,BB
13635,BB
13632,BB
13631,BB
13625,BB
13622,BB
13620,BB
13619,BB
13617,BB
13615,BB
13612,BB
13610,BB
13607,BB
13606,BB
13601,BB
13598,BB
13596,BB
13595,BB
13592,BB
13591,BB
13590,BB
13589,BB
13588,BB
13587,BB
13586,BB
13585,BB
13583,BB
13582,BB
13580,BB
13576,BB
13574,BB
13571,BB
13568,BB
13567,BB
13563,BB
13562,BB
13559,BB
13558,BB
13557,BB
13556,BB
13555,BB
13554,BB
13553,BB
13552,BB
13549,BB
13546,BB
13545,BB
13544,BB
13543,BB
13542,BB
13539,BB
13537,BB
13536,BB
13535,BB
13533,BB
13527,BB
13526,BB
13524,BB
13523,BB
13516,BB
13515,BB
13514,BB
13513,BB
13511,BB
13510,BB
13509,BB
13508,BB
13504,BB
13503,BB
13502,BB
13496,BB
13494,BB
13493,BB
13490,BB
13487,BB
13485,BB
13484,BB
13483,BB
13482,BB
13480,BB
13479,BB
13477,BB
13476,BB
13475,BB
13474,BB
13473,BB
13472,BB
13471,BB
13469,BB
13467,BB
13466,BB
13462,BB
13461,BB
13458,BB
13452,BB
13451,BB
13450,BB
13449,BB
13448,BB
13446,BB
13440,BB
13439,BB
13435,BB
13433,BB
13432,BB
13428,BB
13427,BB
13426,BB
13422,BB
13414,BB
13413,BB
13412,BB
13411,BB
13410,BB
13409,BB
13408,BB
13407,BB
13404,BB
13402,BB
13401,BB
13400,BB
13399,BB
13396,BB
13395,BB
13394,BB
13393,BB
13392,BB
13390,BB
13388,BB
13379,BB
13378,BB
13377,BB
13374,BB
13373,BB
13372,BB
13371,BB
13370,BB
13369,BB
13367,BB
13365,BB
13364,BB
13363,BB
13362,BB
13361,BB
13360,BB
13353,BB
13351,BB
13350,BB
13349,BB
13348,BB
13347,BB
13346,BB
13344,BB
13337,BB
13336,BB
13333,BB
13332,BB
13329,BB
13328,BB
13327,BB
13326,BB
13325,BB
13312,BB
13310,BB
13307,BB
13306,BB
13304,BB
13301,BB
13300,BB
13299,BB
13298,BB
13297,BB
13296,BB
13294,BB
13293,BB
13290,BB
13289,BB
13288,BB
13283,BB
13278,BB
13274,BB
13272,BB
13271,BB
13270,BB
13269,BB
13266,BB
13265,BB
13264,BB
13262,BB
13261,BB
13260,BB
13259,BB
13256,BB
13255,BB
13253,BB
13252,BB
13251,BB
13250,BB
13243,BB
13241,BB
13240,BB
13234,BB
13233,BB
13232,BB
13226,BB
13225,BB
13224,BB
13218,BB
13215,BB
13213,BB
13210,BB
13209,BB
13204,BB
13198,BB
13197,BB
13196,BB
13193,BB
13190,BB
13189,BB
13183,BB
13182,BB
13180,BB
13177,BB
13173,BB
13172,BB
13170,BB
13168,BB
13167,BB
13166,BB
13165,BB
13164,BB
13162,BB
13161,BB
13160,BB
13159,BB
13157,BB
13155,BB
13150,BB
13149,BB
13147,BB
13146,BB
13144,BB
13141,BB
13140,BB
13139,BB
13138,BB
13133,BB
13130,BB
13129,BB
13127,BB
13126,BB
13125,BB
13124,BB
13123,BB
13121,BB
13120,BB
13118,BB
13116,BB
13114,BB
13111,BB
13110,BB
13109,BB
13107,BB
13106,BB
13098,BB
13096,BB
13095,BB
13094,BB
13093,BB
13091,BB
13090,BB
13089,BB
13084,BB
13079,BB
13078,BB
13074,BB
13072,BB
13071,BB
13070,BB
13069,BB
13068,BB
13067,BB
13066,BB
13064,BB
13063,BB
13062,BB
13059,BB
13058,BB
13057,BB
13056,BB
13055,BB
13051,BB
13048,BB
13046,BB
13042,BB
13041,BB
13040,BB
13039,BB
13033,BB
13032,BB
13030,BB
13023,BB
13019,BB
13018,BB
13016,BB
13014,BB
13013,BB
13004,BB
13002,BB
13000,BB
12999,BB
12998,BB
12996,BB
12995,BB
12993,BB
12992,BB
12991,BB
12990,BB
12987,BB
12986,BB
12985,BB
12981,BB
12978,BB
12975,BB
12974,BB
12972,BB
12971,BB
12970,BB
12968,BB
12967,BB
12966,BB
12965,BB
12964,BB
12963,BB
12961,BB
12960,BB
12958,BB
12957,BB
12956,BB
12955,BB
12954,BB
12952,BB
12951,BB
12949,BB
12948,BB
12947,BB
12943,BB
12942,BB
12940,BB
12935,BB
12934,BB
12933,BB
12928,BB
12927,BB
12925,BB
12923,BB
12921,BB
12920,BB
12918,BB
12917,BB
12916,BB
12915,BB
12914,BB
12913,BB
12912,BB
12909,BB
12908,BB
12905,BB
12901,BB
12899,BB
12898,BB
12896,BB
12895,BB
12893,BB
12892,BB
12890,BB
12889,BB
12888,BB
12887,BB
12886,BB
12884,BB
12880,BB
12879,BB
12876,BB
12874,BB
12873,BB
12870,BB
12867,BB
12859,BB
12857,BB
12856,BB
12855,BB
12852,BB
12850,BB
12849,BB
12847,BB
12846,BB
12843,BB
12840,BB
12839,BB
12838,BB
12837,BB
12836,BB
12832,BB
12829,BB
12828,BB
12826,BB
12825,BB
12824,BB
12820,BB
12817,BB
12816,BB
12813,BB
12811,BB
12810,BB
12809,BB
12806,BB
12803,BB
12799,BB
12798,BB
12797,BB
12796,BB
12795,BB
12792,BB
12791,BB
12790,BB
12789,BB
12788,BB
12786,BB
12785,BB
12781,BB
12778,BB
12777,BB
12776,BB
12775,BB
12773,BB
12770,BB
12769,BB
12756,BB
12754,BB
12752,BB
12751,BB
12749,BB
12743,BB
12739,BB
12736,BB
12734,BB
12728,BB
12718,BB
12716,BB
12715,BB
12714,BB
12713,BB
12712,BB
12711,BB
12708,BB
12707,BB
12705,BB
12703,BB
12702,BB
12700,BB
12699,BB
12695,BB
12694,BB
12693,BB
12692,BB
12691,BB
12690,BB
12681,BB
12679,BB
12675,BB
12674,BB
12672,BB
12670,BB
12665,BB
12664,BB
12663,BB
12662,BB
12661,BB
12660,BB
12659,BB
12657,BB
12651,BB
12650,BB
12645,BB
12644,BB
12640,BB
12639,BB
12638,BB
12636,BB
12629,BB
12628,BB
12627,BB
12625,BB
12618,BB
12613,BB
12611,BB
12609,BB
12607,BB
12606,BB
12605,BB
12604,BB
12603,BB
12599,BB
12596,BB
12594,BB
12592,BB
12588,BB
12583,BB
12582,BB
12581,BB
12580,BB
12578,BB
12576,BB
12575,BB
12572,BB
12571,BB
12570,BB
12569,BB
12567,BB
12565,BB
12563,BB
12557,BB
12556,BB
12552,BB
12550,BB
12549,BB
12547,BB
12546,BB
12541,BB
12536,BB
12535,BB
12531,BB
12530,BB
12522,BB
12521,BB
12519,BB
12518,BB
12512,BB
12506,BB
12498,BB
12496,BB
12493,BB
12492,BB
12490,BB
12489,BB
12488,BB
12487,BB
12485,BB
12484,BB
12482,BB
12480,BB
12476,BB
12475,BB
12471,BB
12469,BB
12463,BB
12462,BB
12461,BB
12460,BB
12457,BB
12456,BB
12455,BB
12454,BB
12453,BB
12452,BB
12451,BB
12450,BB
12446,BB
12444,BB
12443,BB
12442,BB
12441,BB
12438,BB
12436,BB
12429,BB
12427,BB
12424,BB
12421,BB
12420,BB
12414,BB
12413,BB
12410,BB
12409,BB
12406,BB
12404,BB
12403,BB
12399,BB
12398,BB
12397,BB
12396,BB
12392,BB
12391,BB
12390,BB
12389,BB
12382,BB
12381,BB
12379,BB
12374,BB
12373,BB
12372,BB
12369,BB
12368,BB
12356,BB
12354,BB
12351,BB
12350,BB
12349,BB
12348,BB
12345,BB
12344,BB
12342,BB
12340,BB
12339,BB
12336,BB
12334,BB
12330,BB
12323,BB
12322,BB
12321,BB
12316,BB
12315,BB
12312,BB
12308,BB
12307,BB
12304,BB
12303,BB
12302,BB
12300,BB
12299,BB
12298,BB
12297,BB
12296,BB
12295,BB
12294,BB
12293,BB
12292,BB
12291,BB
12290,BB
12287,BB
12282,BB
12278,BB
12276,BB
12273,BB
12272,BB
12270,BB
12268,BB
12267,BB
12266,BB
12264,BB
12263,BB
12258,BB
12257,BB
12256,BB
12255,BB
12253,BB
12252,BB
12250,BB
12246,BB
12245,BB
12244,BB
12243,BB
12242,BB
12241,BB
12240,BB
12239,BB
12238,BB
12237,BB
12234,BB
12233,BB
12232,BB
12231,BB
12229,BB
12227,BB
12225,BB
12224,BB
12223,BB
12222,BB
12221,BB
12215,BB
12210,BB
12204,BB
12203,BB
12202,BB
12201,BB
12200,BB
12198,BB
12197,BB
12195,BB
12194,BB
12193,BB
12192,BB
12191,BB
12189,BB
12186,BB
12185,BB
12183,BB
12182,BB
12168,BB
12166,BB
12165,BB
12162,BB
12157,BB
12153,BB
12152,BB
12150,BB
12149,BB
12148,BB
12147,BB
12146,BB
12145,BB
12143,BB
12135,BB
12128,BB
12127,BB
12126,BB
12124,BB
12119,BB
12118,BB
12114,BB
12111,BB
12110,BB
12109,BB
12108,BB
12106,BB
12100,BB
12099,BB
12096,BB
12094,BB
12093,BB
12088,BB
12086,BB
12084,BB
12081,BB
12078,BB
12077,BB
12076,BB
12075,BB
12070,BB
12068,BB
12067,BB
12065,BB
12062,BB
12061,BB
12058,BB
12057,BB
12056,BB
12054,BB
12050,BB
12049,BB
12046,BB
12044,BB
12042,BB
12041,BB
12040,BB
12038,BB
12031,BB
12027,BB
12016,BB
12015,BB
12014,BB
12011,BB
12009,BB
12008,BB
12007,BB
12003,BB
11997,BB
11992,BB
11991,BB
11988,BB
11987,BB
11985,BB
11983,BB
11982,BB
11979,BB
11977,BB
11976,BB
11971,BB
11970,BB
11969,BB
11968,BB
11963,BB
11960,BB
11952,BB
11951,BB
11948,BB
11947,BB
11945,BB
11942,BB
11938,BB
11937,BB
11934,BB
11933,BB
11929,BB
11925,BB
11923,BB
11922,BB
11920,BB
11919,BB
11912,BB
11905,BB
11903,BB
11901,BB
11899,BB
11897,BB
11896,BB
11895,BB
11894,BB
11893,BB
11892,BB
11890,BB
11886,BB
11885,BB
11884,BB
11882,BB
11880,BB
11879,BB
11878,BB
11877,BB
11876,BB
11875,BB
11874,BB
11872,BB
11871,BB
11870,BB
11868,BB
11867,BB
11860,BB
11857,BB
11854,BB
11853,BB
11852,BB
11851,BB
11849,BB
11848,BB
11843,BB
11840,BB
11839,BB
11838,BB
11836,BB
11835,BB
11834,BB
11832,BB
11831,BB
11830,BB
11828,BB
11827,BB
11826,BB
11824,BB
11822,BB
11821,BB
11814,BB
11812,BB
11811,BB
11810,BB
11809,BB
11808,BB
11807,BB
11806,BB
11805,BB
11802,BB
11801,BB
11799,BB
11794,BB
11791,BB
11787,BB
11786,BB
11769,BB
11767,BB
11764,BB
11763,BB
11762,BB
11761,BB
11760,BB
11759,BB
11754,BB
11753,BB
11752,BB
11751,BB
11750,BB
11749,BB
11748,BB
11747,BB
11746,BB
11745,BB
11744,BB
11743,BB
11741,BB
11740,BB
11739,BB
11738,BB
11736,BB
11724,BB
11712,BB
11711,BB
11697,BB
11693,BB
11688,BB
11686,BB
11685,BB
11684,BB
11679,BB
11675,BB
11674,BB
11671,BB
11668,BB
11659,BB
11657,BB
11656,BB
11655,BB
11650,BB
11649,BB
11648,BB
11647,BB
11646,BB
11643,BB
11640,BB
11639,BB
11633,BB
11630,BB
11629,BB
11627,BB
11623,BB
11621,BB
11619,BB
11617,BB
11615,BB
11614,BB
11609,BB
11605,BB
11602,BB
11595,BB
11594,BB
11589,BB
11588,BB
11587,BB
11584,BB
11583,BB
11582,BB
11581,BB
11576,BB
11574,BB
11573,BB
11570,BB
11569,BB
11568,BB
11567,BB
11566,BB
11565,BB
11563,BB
11562,BB
11560,BB
11558,BB
11557,BB
11555,BB
11552,BB
11548,BB
11541,BB
11540,BB
11537,BB
11534,BB
11533,BB
11528,BB
11515,BB
11514,BB
11510,BB
11508,BB
11507,BB
11499,BB
11494,BB
11464,BB
11461,BB
11455,BB
11452,BB
11443,BB
11442,BB
11440,BB
11438,BB
11435,BB
11432,BB
11429,BB
11428,BB
11427,BB
11426,BB
11425,BB
11424,BB
11423,BB
11422,BB
11421,BB
11418,BB
11417,BB
11416,BB
11415,BB
11413,BB
11412,BB
11411,BB
11410,BB
11409,BB
11408,BB
11407,BB
11403,BB
11402,BB
11401,BB
11397,BB
11396,BB
11395,BB
11387,BB
11386,BB
11385,BB
11378,BB
11377,BB
11374,BB
11372,BB
11364,BB
11361,BB
11360,BB
11358,BB
11354,BB
11353,BB
11351,BB
11347,BB
11345,BB
11343,BB
11341,BB
11339,BB
11337,BB
11331,BB
11330,BB
11329,BB
11326,BB
11325,BB
11324,BB
11323,BB
11320,BB
11319,BB
11317,BB
11316,BB
11314,BB
11313,BB
11311,BB
11310,BB
11306,BB
11305,BB
11303,BB
11302,BB
11301,BB
11300,BB
11299,BB
11298,BB
11297,BB
11296,BB
11295,BB
11294,BB
11292,BB
11291,BB
11290,BB
11289,BB
11286,BB
11285,BB
11283,BB
11282,BB
11281,BB
11280,BB
11277,BB
11276,BB
11273,BB
11271,BB
11270,BB
11269,BB
11268,BB
11267,BB
11266,BB
11265,BB
11264,BB
11263,BB
11262,BB
11259,BB
11258,BB
11256,BB
11255,BB
11254,BB
11250,BB
11249,BB
11248,BB
11247,BB
11246,BB
11245,BB
11243,BB
11239,BB
11236,BB
11235,BB
11234,BB
11231,BB
11230,BB
11229,BB
11228,BB
11227,BB
11226,BB
11224,BB
11221,BB
11220,BB
11219,BB
11217,BB
11216,BB
11215,BB
11214,BB
11213,BB
11212,BB
11211,BB
11208,BB
11207,BB
11206,BB
11204,BB
11203,BB
11199,BB
11198,BB
11197,BB
11196,BB
11195,BB
11194,BB
11193,BB
11192,BB
11191,BB
11190,BB
11185,BB
11184,BB
11183,BB
11182,BB
11180,BB
11179,BB
11178,BB
11176,BB
11174,BB
11173,BB
11172,BB
11170,BB
11169,BB
11168,BB
11167,BB
11166,BB
11164,BB
11156,BB
11152,BB
11151,BB
11149,BB
11148,BB
11145,BB
11142,BB
11141,BB
11140,BB
11134,BB
11132,BB
11131,BB
11130,BB
11129,BB
11127,BB
11125,BB
11124,BB
11122,BB
11121,BB
11120,BB
11119,BB
11118,BB
11116,BB
11115,BB
11114,BB
11113,BB
11112,BB
11110,BB
11109,BB
11108,BB
11107,BB
11106,BB
11105,BB
11102,BB
11101,BB
11098,BB
11097,BB
11096,BB
11095,BB
11093,BB
11090,BB
11089,BB
11088,BB
11087,BB
11085,BB
11084,BB
11082,BB
11081,BB
11080,BB
11079,BB
11078,BB
11077,BB
11075,BB
11074,BB
11073,BB
11069,BB
11068,BB
11065,BB
11059,BB
11058,BB
11057,BB
11056,BB
11055,BB
11054,BB
11052,BB
11051,BB
11050,BB
11049,BB
11048,BB
11047,BB
11044,BB
11043,BB
11042,BB
11041,BB
11040,BB
11039,BB
11038,BB
11036,BB
11035,BB
11034,BB
11033,BB
11032,BB
11029,BB
11028,BB
11027,BB
11026,BB
11025,BB
11024,BB
11023,BB
11021,BB
11017,BB
11016,BB
11015,BB
11013,BB
11012,BB
11011,BB
11010,BB
11009,BB
11007,BB
11006,BB
11005,BB
11004,BB
11002,BB
11001,BB
11000,BB
10998,BB
10997,BB
10996,BB
10995,BB
10994,BB
10992,BB
10990,BB
10988,BB
10987,BB
10986,BB
10985,BB
10984,BB
10982,BB
10981,BB
10980,BB
10979,BB
10978,BB
10976,BB
10975,BB
10973,BB
10970,BB
10967,BB
10966,BB
10965,BB
10963,BB
10962,BB
10961,BB
10960,BB
10956,BB
10955,BB
10954,BB
10953,BB
10952,BB
10951,BB
10950,BB
10947,BB
10946,BB
10945,BB
10935,BB
10933,BB
10931,BB
10930,BB
10927,BB
10925,BB
10924,BB
10923,BB
10922,BB
10921,BB
10920,BB
10919,BB
10915,BB
10914,BB
10913,BB
10912,BB
10911,BB
10909,BB
10908,BB
10907,BB
10906,BB
10904,BB
10902,BB
10899,BB
10897,BB
10895,BB
10893,BB
10891,BB
10887,BB
10884,BB
10883,BB
10882,BB
10881,BB
10880,BB
10879,BB
10878,BB
10875,BB
10871,BB
10870,BB
10869,BB
10868,BB
10866,BB
10865,BB
10863,BB
10861,BB
10857,BB
10856,BB
10853,BB
10851,BB
10850,BB
10848,BB
10847,BB
10838,BB
10837,BB
10836,BB
10835,BB
10831,BB
10830,BB
10829,BB
10828,BB
10826,BB
10825,BB
10824,BB
10823,BB
10822,BB
10821,BB
10820,BB
10819,BB
10818,BB
10817,BB
10816,BB
10815,BB
10812,BB
10811,BB
10810,BB
10809,BB
10807,BB
10806,BB
10804,BB
10803,BB
10801,BB
10800,BB
10799,BB
10795,BB
10793,BB
10792,BB
10791,BB
10790,BB
10788,BB
10780,BB
10779,BB
10776,BB
10775,BB
10774,BB
10773,BB
10772,BB
10770,BB
10769,BB
10768,BB
10761,BB
10758,BB
10757,BB
10756,BB
10755,BB
10754,BB
10753,BB
10752,BB
10749,BB
10748,BB
10746,BB
10745,BB
10743,BB
10742,BB
10741,BB
10740,BB
10739,BB
10737,BB
10736,BB
10734,BB
10733,BB
10732,BB
10731,BB
10730,BB
10727,BB
10726,BB
10725,BB
10723,BB
10714,BB
10713,BB
10712,BB
10711,BB
10710,BB
10707,BB
10706,BB
10686,BB
10685,BB
10683,BB
10680,BB
10677,BB
10676,BB
10675,BB
10674,BB
10673,BB
10672,BB
10668,BB
10667,BB
10664,BB
10662,BB
10661,BB
10643,BB
10638,BB
10632,BB
10629,BB
10609,BB
10608,BB
10606,BB
10603,BB
10602,BB
10599,BB
10598,BB
10597,BB
10596,BB
10595,BB
10594,BB
10593,BB
10592,BB
10589,BB
10588,BB
10587,BB
10586,BB
10582,BB
10581,BB
10578,BB
10573,BB
10572,BB
10571,BB
10570,BB
10569,BB
10568,BB
10565,BB
10564,BB
10563,BB
10560,BB
10559,BB
10558,BB
10557,BB
10552,BB
10551,BB
10549,BB
10544,BB
10543,BB
10542,BB
10541,BB
10540,BB
10539,BB
10537,BB
10531,BB
10530,BB
10529,BB
10528,BB
10527,BB
10526,BB
10525,BB
10524,BB
10523,BB
10522,BB
10521,BB
10520,BB
10499,BB
10498,BB
10497,BB
10487,BB
10486,BB
10485,BB
10484,BB
10483,BB
10482,BB
10481,BB
10479,BB
10477,BB
10476,BB
10475,BB
10472,BB
10468,BB
10467,BB
10466,BB
10464,BB
10461,BB
10460,BB
10459,BB
10458,BB
10457,BB
10456,BB
10455,BB
10454,BB
10453,BB
10452,BB
10450,BB
10449,BB
10448,BB
10447,BB
10446,BB
10445,BB
10444,BB
10443,BB
10442,BB
10441,BB
10440,BB
10431,BB
10430,BB
10429,BB
10428,BB
10427,BB
10425,BB
10424,BB
10421,BB
10420,BB
10419,BB
10412,BB
10409,BB
10407,BB
10404,BB
10395,BB
10392,BB
10390,BB
10389,BB
10388,BB
10387,BB
10383,BB
10382,BB
10381,BB
10380,BB
10376,BB
10371,BB
10370,BB
10369,BB
10362,BB
10360,BB
10359,BB
10357,BB
10355,BB
10354,BB
10353,BB
10352,BB
10350,BB
10346,BB
10344,BB
10343,BB
10341,BB
10339,BB
10338,BB
10335,BB
10334,BB
10332,BB
10327,BB
10326,BB
10324,BB
10323,BB
10319,BB
10318,BB
10311,BB
10310,BB
10306,BB
10305,BB
10304,BB
10303,BB
10302,BB
10299,BB
10298,BB
10294,BB
10293,BB
10292,BB
10291,BB
10287,BB
10286,BB
10285,BB
10284,BB
10283,BB
10279,BB
10278,BB
10277,BB
10276,BB
10275,BB
10274,BB
10273,BB
10271,BB
10269,BB
10267,BB
10266,BB
10265,BB
10261,BB
10259,BB
10258,BB
10257,BB
10256,BB
10255,BB
10254,BB
10253,BB
10250,BB
10249,BB
10248,BB
10247,BB
10246,BB
10245,BB
10243,BB
10242,BB
10241,BB
10239,BB
10238,BB
10237,BB
10236,BB
10235,BB
10234,BB
10231,BB
10229,BB
10227,BB
10225,BB
10223,BB
10221,BB
10220,BB
10217,BB
10216,BB
10215,BB
10214,BB
10213,BB
10212,BB
10209,BB
10207,BB
10206,BB
10205,BB
10204,BB
10201,BB
10200,BB
10197,BB
10194,BB
10189,BB
10185,BB
10184,BB
10183,BB
10177,BB
10176,BB
10175,BB
10171,BB
10170,BB
10169,BB
10164,BB
10163,BB
10160,BB
10159,BB
10158,BB
10156,BB
10155,BB
10154,BB
10153,BB
10152,BB
10142,BB
10138,BB
10136,BB
10135,BB
10134,BB
10133,BB
10132,BB
10131,BB
10127,BB
10126,BB
10125,BB
10124,BB
10122,BB
10121,BB
10117,BB
10116,BB
10114,BB
10113,BB
10112,BB
10111,BB
10108,BB
10107,BB
10105,BB
10104,BB
10068,BB
10067,BB
10066,BB
10065,BB
10064,BB
10063,BB
10062,BB
10057,BB
10056,BB
10054,BB
10053,BB
10051,BB
10047,BB
10046,BB
10044,BB
10043,BB
10042,BB
10040,BB
10039,BB
10038,BB
10031,BB
10027,BB
10025,BB
10024,BB
10022,BB
10021,BB
10020,BB
10019,BB
10016,BB
10014,BB
10013,BB
10012,BB
10011,BB
10010,BB
10009,BB
10008,BB
10006,BB
10004,BB
10001,BB
10000,BB
9975,BB
9974,BB
9973,BB
9972,BB
9971,BB
9970,BB
9969,BB
9968,BB
9967,BB
9964,BB
9961,BB
9960,BB
9957,BB
9956,BB
9952,BB
9951,BB
9946,BB
9945,BB
9944,BB
9943,BB
9942,BB
9940,BB
9939,BB
9938,BB
9937,BB
9935,BB
9931,BB
9930,BB
9928,BB
9927,BB
9926,BB
9925,BB
9923,BB
9922,BB
9921,BB
9919,BB
9918,BB
9917,BB
9916,BB
9915,BB
9914,BB
9913,BB
9910,BB
9909,BB
9908,BB
9907,BB
9905,BB
9902,BB
9901,BB
9897,BB
9896,BB
9895,BB
9888,BB
9881,BB
9880,BB
9879,BB
9874,BB
9832,BB
9823,BB
9820,BB
9819,BB
9817,BB
9816,BB
9814,BB
9813,BB
9812,BB
9811,BB
9808,BB
9807,BB
9806,BB
9805,BB
9801,BB
9798,BB
9797,BB
9796,BB
9795,BB
9794,BB
9793,BB
9792,BB
9789,BB
9786,BB
9784,BB
9782,BB
9781,BB
9775,BB
9773,BB
9769,BB
9765,BB
9760,BB
9758,BB
9755,BB
9754,BB
9753,BB
9752,BB
9748,BB
9747,BB
9746,BB
9745,BB
9744,BB
9742,BB
9741,BB
9740,BB
9739,BB
9738,BB
9733,BB
9732,BB
9730,BB
9728,BB
9727,BB
9726,BB
9725,BB
9724,BB
9723,BB
9722,BB
9721,BB
9720,BB
9719,BB
9717,BB
9716,BB
9715,BB
9714,BB
9712,BB
9711,BB
9704,BB
9703,BB
9702,BB
9701,BB
9700,BB
9699,BB
9697,BB
9696,BB
9695,BB
9694,BB
9693,BB
9691,BB
9690,BB
9689,BB
9688,BB
9687,BB
9685,BB
9684,BB
9683,BB
9682,BB
9681,BB
9680,BB
9678,BB
9677,BB
9675,BB
9667,BB
9666,BB
9658,BB
9657,BB
9656,BB
9651,BB
9648,BB
9647,BB
9645,BB
9644,BB
9643,BB
9641,BB
9640,BB
9639,BB
9638,BB
9637,BB
9636,BB
9635,BB
9634,BB
9633,BB
9628,BB
9627,BB
9623,BB
9620,BB
9618,BB
9617,BB
9616,BB
9615,BB
9608,BB
9604,BB
9601,BB
9599,BB
9598,BB
9595,BB
9594,BB
9592,BB
9591,BB
9590,BB
9589,BB
9588,BB
9587,BB
9585,BB
9584,BB
9581,BB
9580,BB
9576,BB
9575,BB
9572,BB
9569,BB
9568,BB
9567,BB
9566,BB
9565,BB
9562,BB
9561,BB
9560,BB
9556,BB
9555,BB
9554,BB
9553,BB
9552,BB
9551,BB
9550,BB
9549,BB
9547,BB
9546,BB
9543,BB
9540,BB
9532,BB
9531,BB
9530,BB
9526,BB
9525,BB
9524,BB
9523,BB
9522,BB
9521,BB
9520,BB
9519,BB
9518,BB
9516,BB
9515,BB
9514,BB
9512,BB
9511,BB
9510,BB
9509,BB
9507,BB
9506,BB
9505,BB
9503,BB
9502,BB
9501,BB
9499,BB
9498,BB
9495,BB
9493,BB
9491,BB
9486,BB
9484,BB
9483,BB
9482,BB
9481,BB
9477,BB
9476,BB
9475,BB
9474,BB
9473,BB
9472,BB
9467,BB
9466,BB
9465,BB
9464,BB
9463,BB
9462,BB
9461,BB
9460,BB
9459,BB
9457,BB
9456,BB
9455,BB
9454,BB
9451,BB
9450,BB
9449,BB
9448,BB
9447,BB
9445,BB
9444,BB
9443,BB
9442,BB
9439,BB
9438,BB
9434,BB
9433,BB
9432,BB
9431,BB
9429,BB
9428,BB
9427,BB
9426,BB
9423,BB
9422,BB
9421,BB
9417,BB
9416,BB
9415,BB
9414,BB
9413,BB
9412,BB
9411,BB
9410,BB
9409,BB
9406,BB
9403,BB
9400,BB
9397,BB
9396,BB
9395,BB
9393,BB
9391,BB
9387,BB
9386,BB
9385,BB
9384,BB
9383,BB
9381,BB
9380,BB
9378,BB
9377,BB
9374,BB
9373,BB
9372,BB
9371,BB
9370,BB
9369,BB
9367,BB
9366,BB
9365,BB
9364,BB
9363,BB
9360,BB
9359,BB
9358,BB
9356,BB
9355,BB
9354,BB
9353,BB
9352,BB
9351,BB
9350,BB
9348,BB
9347,BB
9345,BB
9342,BB
9341,BB
9332,BB
9331,BB
9328,BB
9327,BB
9326,BB
9325,BB
9324,BB
9323,BB
9322,BB
9319,BB
9318,BB
9317,BB
9316,BB
9314,BB
9313,BB
9312,BB
9306,BB
9305,BB
9304,BB
9303,BB
9299,BB
9298,BB
9296,BB
9290,BB
9289,BB
9288,BB
9247,BB
9245,BB
9244,BB
9243,BB
9242,BB
9241,BB
9239,BB
9238,BB
9237,BB
9236,BB
9235,BB
9234,BB
9231,BB
9230,BB
9229,BB
9226,BB
9224,BB
9223,BB
9222,BB
9220,BB
9218,BB
9217,BB
9216,BB
9215,BB
9214,BB
9213,BB
9211,BB
9210,BB
9209,BB
9208,BB
9206,BB
9199,BB
9198,BB
9197,BB
9193,BB
9192,BB
9191,BB
9190,BB
9189,BB
9184,BB
9183,BB
9180,BB
9176,BB
9175,BB
9174,BB
9173,BB
9165,BB
9161,BB
9160,BB
9157,BB
9153,BB
9152,BB
9151,BB
9149,BB
9148,BB
9145,BB
9143,BB
9137,BB
9136,BB
9135,BB
9134,BB
9133,BB
9130,BB
9129,BB
9128,BB
9125,BB
9124,BB
9123,BB
9115,BB
9109,BB
9108,BB
9107,BB
9106,BB
9105,BB
9104,BB
9103,BB
9102,BB
9100,BB
9099,BB
9097,BB
9096,BB
9095,BB
9094,BB
9093,BB
9092,BB
9089,BB
9086,BB
9079,BB
9078,BB
9077,BB
9076,BB
9075,BB
9074,BB
9073,BB
9072,BB
9071,BB
9070,BB
9069,BB
9068,BB
9067,BB
9064,BB
9063,BB
9062,BB
9039,BB
9036,BB
9035,BB
9031,BB
9030,BB
9026,BB
9025,BB
9022,BB
9021,BB
9020,BB
9016,BB
9015,BB
9011,BB
9010,BB
9009,BB
9007,BB
9004,BB
9003,BB
9002,BB
9001,BB
9000,BB
8998,BB
8997,BB
8996,BB
8994,BB
8993,BB
8991,BB
8989,BB
8988,BB
8987,BB
8985,BB
8981,BB
8980,BB
8979,BB
8978,BB
8977,BB
8976,BB
8974,BB
8973,BB
8972,BB
8971,BB
8970,BB
8969,BB
8968,BB
8963,BB
8960,BB
8958,BB
8957,BB
8956,BB
8947,BB
8945,BB
8944,BB
8943,BB
8942,BB
8941,BB
8940,BB
8939,BB
8938,BB
8937,BB
8936,BB
8934,BB
8933,BB
8932,BB
8931,BB
8927,BB
8926,BB
8925,BB
8924,BB
8923,BB
8922,BB
8920,BB
8919,BB
8918,BB
8917,BB
8913,BB
8912,BB
8911,BB
8909,BB
8908,BB
8898,BB
8897,BB
8896,BB
8895,BB
8894,BB
8892,BB
8889,BB
8888,BB
8884,BB
8883,BB
8882,BB
8881,BB
8879,BB
8878,BB
8877,BB
8876,BB
8875,BB
8874,BB
8873,BB
8870,BB
8869,BB
8868,BB
8867,BB
8866,BB
8865,BB
8864,BB
8863,BB
8862,BB
8858,BB
8857,BB
8856,BB
8855,BB
8852,BB
8851,BB
8846,BB
8845,BB
8843,BB
8842,BB
8841,BB
8836,BB
8835,BB
8834,BB
8833,BB
8832,BB
8824,BB
8823,BB
8822,BB
8820,BB
8812,BB
8811,BB
8810,BB
8806,BB
8804,BB
8799,BB
8797,BB
8796,BB
8795,BB
8794,BB
8793,BB
8792,BB
8790,BB
8789,BB
8788,BB
8787,BB
8786,BB
8785,BB
8781,BB
8779,BB
8778,BB
8777,BB
8776,BB
8775,BB
8774,BB
8772,BB
8769,BB
8767,BB
8765,BB
8757,BB
8756,BB
8755,BB
8752,BB
8751,BB
8746,BB
8740,BB
8738,BB
8736,BB
8733,BB
8730,BB
8729,BB
8728,BB
8725,BB
8724,BB
8723,BB
8720,BB
8718,BB
8715,BB
8712,BB
8711,BB
8709,BB
8707,BB
8706,BB
8696,BB
8688,BB
8686,BB
8685,BB
8684,BB
8683,BB
8682,BB
8677,BB
8676,BB
8672,BB
8671,BB
8670,BB
8667,BB
8666,BB
8665,BB
8664,BB
8663,BB
8661,BB
8656,BB
8655,BB
8654,BB
8653,BB
8651,BB
8650,BB
8649,BB
8647,BB
8646,BB
8645,BB
8643,BB
8640,BB
8637,BB
8634,BB
8626,BB
8625,BB
8623,BB
8622,BB
8621,BB
8619,BB
8618,BB
8616,BB
8615,BB
8614,BB
8613,BB
8609,BB
8608,BB
8607,BB
8605,BB
8604,BB
8599,BB
8598,BB
8596,BB
8594,BB
8592,BB
8590,BB
8589,BB
8587,BB
8586,BB
8585,BB
8584,BB
8583,BB
8582,BB
8581,BB
8580,BB
8579,BB
8578,BB
8577,BB
8576,BB
8575,BB
8574,BB
8573,BB
8572,BB
8571,BB
8568,BB
8564,BB
8563,BB
8561,BB
8560,BB
8557,BB
8556,BB
8554,BB
8552,BB
8542,BB
8540,BB
8539,BB
8538,BB
8532,BB
8528,BB
8527,BB
8519,BB
8515,BB
8514,BB
8513,BB
8512,BB
8508,BB
8507,BB
8503,BB
8502,BB
8501,BB
8500,BB
8496,BB
8487,BB
8485,BB
8484,BB
8476,BB
8474,BB
8469,BB
8468,BB
8432,BB
8431,BB
8430,BB
8426,BB
8421,BB
8419,BB
8418,BB
8417,BB
8416,BB
8412,BB
8411,BB
8410,BB
8394,BB
8393,BB
8392,BB
8391,BB
8390,BB
8389,BB
8380,BB
8377,BB
8376,BB
8375,BB
8374,BB
8371,BB
8367,BB
8365,BB
8361,BB
8359,BB
8358,BB
8357,BB
8355,BB
8351,BB
8342,BB
8338,BB
8337,BB
8336,BB
8333,BB
8332,BB
8328,BB
8326,BB
8323,BB
8321,BB
8318,BB
8312,BB
8309,BB
8308,BB
8305,BB
8300,BB
8299,BB
8294,BB
8292,BB
8290,BB
8288,BB
8287,BB
8286,BB
8285,BB
8284,BB
8283,BB
8282,BB
8281,BB
8280,BB
8279,BB
8278,BB
8277,BB
8276,BB
8273,BB
8271,BB
8270,BB
8269,BB
8266,BB
8254,BB
8252,BB
8248,BB
8238,BB
8237,BB
8236,BB
8233,BB
8232,BB
8230,BB
8227,BB
8224,BB
8220,BB
8218,BB
8215,BB
8213,BB
8212,BB
8211,BB
8206,BB
8203,BB
8201,BB
8200,BB
8198,BB
8193,BB
8192,BB
8190,BB
8189,BB
8187,BB
8186,BB
8172,BB
8171,BB
8169,BB
8166,BB
8165,BB
8156,BB
8155,BB
8148,BB
8147,BB
8145,BB
8137,BB
8131,BB
8123,BB
8122,BB
8120,BB
8105,BB
8104,BB
8102,BB
8098,BB
8094,BB
8085,BB
8084,BB
8080,BB
8079,BB
8076,BB
8074,BB
8072,BB
8067,BB
8065,BB
8047,BB
8046,BB
8045,BB
8039,BB
8033,BB
8029,BB
8023,BB
8021,BB
8020,BB
8019,BB
8015,BB
8006,BB
8004,BB
8003,BB
7995,BB
7994,BB
7989,BB
7988,BB
7985,BB
7984,BB
7982,BB
7977,BB
7976,BB
7975,BB
7974,BB
7973,BB
7972,BB
7970,BB
7969,BB
7968,BB
7967,BB
7965,BB
7964,BB
7962,BB
7960,BB
7959,BB
7958,BB
7956,BB
7955,BB
7952,BB
7950,BB
7949,BB
7948,BB
7947,BB
7943,BB
7941,BB
7940,BB
7939,BB
7937,BB
7932,BB
7924,BB
7922,BB
7920,BB
7919,BB
7915,BB
7909,BB
7908,BB
7907,BB
7905,BB
7904,BB
7899,BB
7896,BB
7894,BB
7893,BB
7892,BB
7891,BB
7889,BB
7886,BB
7885,BB
7876,BB
7875,BB
7874,BB
7870,BB
7868,BB
7865,BB
7864,BB
7862,BB
7861,BB
7859,BB
7857,BB
7856,BB
7853,BB
7852,BB
7851,BB
7850,BB
7849,BB
7848,BB
7847,BB
7844,BB
7843,BB
7841,BB
7840,BB
7838,BB
7837,BB
7836,BB
7833,BB
7832,BB
7831,BB
7830,BB
7824,BB
7823,BB
7822,BB
7821,BB
7820,BB
7819,BB
7818,BB
7817,BB
7815,BB
7814,BB
7813,BB
7812,BB
7811,BB
7810,BB
7809,BB
7808,BB
7807,BB
7806,BB
7805,BB
7803,BB
7802,BB
7801,BB
7800,BB
7799,BB
7798,BB
7796,BB
7790,BB
7789,BB
7782,BB
7778,BB
7777,BB
7774,BB
7773,BB
7772,BB
7771,BB
7770,BB
7769,BB
7763,BB
7761,BB
7760,BB
7758,BB
7757,BB
7756,BB
7755,BB
7754,BB
7752,BB
7750,BB
7747,BB
7746,BB
7745,BB
7744,BB
7743,BB
7742,BB
7740,BB
7739,BB
7738,BB
7736,BB
7735,BB
7734,BB
7733,BB
7732,BB
7728,BB
7725,BB
7724,BB
7723,BB
7722,BB
7721,BB
7717,BB
7714,BB
7713,BB
7711,BB
7710,BB
7709,BB
7705,BB
7703,BB
7702,BB
7701,BB
7700,BB
7698,BB
7697,BB
7696,BB
7695,BB
7692,BB
7691,BB
7690,BB
7689,BB
7688,BB
7684,BB
7683,BB
7682,BB
7681,BB
7680,BB
7679,BB
7678,BB
7677,BB
7676,BB
7675,BB
7674,BB
7673,BB
7672,BB
7671,BB
7667,BB
7666,BB
7665,BB
7664,BB
7663,BB
7662,BB
7661,BB
7660,BB
7659,BB
7658,BB
7656,BB
7653,BB
7652,BB
7651,BB
7650,BB
7649,BB
7648,BB
7647,BB
7646,BB
7645,BB
7644,BB
7643,BB
7642,BB
7640,BB
7638,BB
7637,BB
7633,BB
7632,BB
7631,BB
7630,BB
7629,BB
7628,BB
7627,BB
7626,BB
7625,BB
7624,BB
7623,BB
7621,BB
7620,BB
7619,BB
7618,BB
7617,BB
7616,BB
7615,BB
7614,BB
7613,BB
7612,BB
7611,BB
7610,BB
7606,BB
7605,BB
7604,BB
7603,BB
7600,BB
7595,BB
7594,BB
7593,BB
7592,BB
7590,BB
7589,BB
7587,BB
7586,BB
7585,BB
7584,BB
7583,BB
7582,BB
7581,BB
7580,BB
7578,BB
7577,BB
7576,BB
7575,BB
7574,BB
7573,BB
7572,BB
7571,BB
7568,BB
7567,BB
7566,BB
7565,BB
7564,BB
7563,BB
7562,BB
7561,BB
7560,BB
7558,BB
7557,BB
7556,BB
7555,BB
7553,BB
7552,BB
7551,BB
7548,BB
7547,BB
7546,BB
7545,BB
7544,BB
7543,BB
7542,BB
7541,BB
7540,BB
7539,BB
7538,BB
7533,BB
7532,BB
7531,BB
7529,BB
7528,BB
7521,BB
7517,BB
7515,BB
7514,BB
7513,BB
7512,BB
7511,BB
7510,BB
7509,BB
7508,BB
7505,BB
7504,BB
7503,BB
7501,BB
7492,BB
7483,BB
7482,BB
7477,BB
7476,BB
7475,BB
7474,BB
7472,BB
7469,BB
7468,BB
7465,BB
7462,BB
7456,BB
7452,BB
7451,BB
7449,BB
7448,BB
7438,BB
7437,BB
7427,BB
7419,BB
7416,BB
7412,BB
7407,BB
7405,BB
7404,BB
7400,BB
7398,BB
7395,BB
7394,BB
7390,BB
7382,BB
7380,BB
7377,BB
7374,BB
7373,BB
7372,BB
7369,BB
7366,BB
7365,BB
7355,BB
7349,BB
7347,BB
7338,BB
7328,BB
7327,BB
7325,BB
7323,BB
7316,BB
7314,BB
7309,BB
7305,BB
7304,BB
7298,BB
7297,BB
7292,BB
7291,BB
7287,BB
7286,BB
7277,BB
7276,BB
7273,BB
7269,BB
7265,BB
7264,BB
7263,BB
7262,BB
7254,BB
7251,BB
7248,BB
7242,BB
7239,BB
7238,BB
7230,BB
7228,BB
7224,BB
7203,BB
7202,BB
7201,BB
7199,BB
7198,BB
7190,BB
7188,BB
7187,BB
7186,BB
7184,BB
7183,BB
7182,BB
7180,BB
7171,BB
7150,BB
7146,BB
7145,BB
7144,BB
7143,BB
7141,BB
7139,BB
7134,BB
7133,BB
7132,BB
7125,BB
7122,BB
7107,BB
7106,BB
7098,BB
7093,BB
7092,BB
7091,BB
7089,BB
7088,BB
7083,BB
7082,BB
7081,BB
7080,BB
7073,BB
7072,BB
7069,BB
7067,BB
7066,BB
7065,BB
7064,BB
7060,BB
7059,BB
7056,BB
7055,BB
7050,BB
7046,BB
7045,BB
7044,BB
7043,BB
7042,BB
7039,BB
7038,BB
7036,BB
7033,BB
7032,BB
7030,BB
7029,BB
7028,BB
7027,BB
7023,BB
7022,BB
7021,BB
7018,BB
7012,BB
7006,BB
7005,BB
7004,BB
6995,BB
6990,BB
6977,BB
6974,BB
6973,BB
6972,BB
6970,BB
6969,BB
6965,BB
6964,BB
6963,BB
6959,BB
6955,BB
6954,BB
6953,BB
6952,BB
6951,BB
6948,BB
6945,BB
6944,BB
6943,BB
6942,BB
6941,BB
6939,BB
6938,BB
6935,BB
6933,BB
6932,BB
6931,BB
6930,BB
6929,BB
6920,BB
6918,BB
6917,BB
6916,BB
6912,BB
6907,BB
6900,BB
6895,BB
6892,BB
6891,BB
6884,BB
6883,BB
6882,BB
6879,BB
6878,BB
6876,BB
6875,BB
6874,BB
6872,BB
6863,BB
6861,BB
6859,BB
6857,BB
6856,BB
6852,BB
6850,BB
6849,BB
6847,BB
6846,BB
6845,BB
6833,BB
6831,BB
6829,BB
6826,BB
6825,BB
6824,BB
6816,BB
6792,BB
6784,BB
6779,BB
6777,BB
6768,BB
6766,BB
6764,BB
6761,BB
6760,BB
6756,BB
6755,BB
6750,BB
6744,BB
6743,BB
6742,BB
6738,BB
6737,BB
6732,BB
6731,BB
6730,BB
6728,BB
6727,BB
6726,BB
6725,BB
6724,BB
6721,BB
6719,BB
6718,BB
6709,BB
6708,BB
6705,BB
6704,BB
6703,BB
6702,BB
6701,BB
6698,BB
6694,BB
6693,BB
6692,BB
6691,BB
6684,BB
6679,BB
6678,BB
6677,BB
6663,BB
6657,BB
6653,BB
6645,BB
6642,BB
6640,BB
6639,BB
6638,BB
6636,BB
6634,BB
6632,BB
6631,BB
6629,BB
6627,BB
6626,BB
6625,BB
6624,BB
6614,BB
6613,BB
6612,BB
6611,BB
6610,BB
6600,BB
6599,BB
6591,BB
6590,BB
6587,BB
6585,BB
6583,BB
6582,BB
6581,BB
6579,BB
6578,BB
6576,BB
6571,BB
6566,BB
6558,BB
6553,BB
6552,BB
6547,BB
6530,BB
6525,BB
6522,BB
6517,BB
6511,BB
6510,BB
6506,BB
6504,BB
6503,BB
6499,BB
6494,BB
6493,BB
6492,BB
6491,BB
6488,BB
6487,BB
6486,BB
6480,BB
6478,BB
6476,BB
6475,BB
6474,BB
6472,BB
6471,BB
6466,BB
6465,BB
6463,BB
6462,BB
6460,BB
6455,BB
6454,BB
6453,BB
6449,BB
6446,BB
6445,BB
6444,BB
6442,BB
6440,BB
6439,BB
6436,BB
6434,BB
6430,BB
6429,BB
6428,BB
6427,BB
6426,BB
6425,BB
6418,BB
6415,BB
6414,BB
6413,BB
6408,BB
6403,BB
6402,BB
6399,BB
6398,BB
6397,BB
6396,BB
6390,BB
6379,BB
6374,BB
6373,BB
6372,BB
6370,BB
6368,BB
6362,BB
6360,BB
6359,BB
6350,BB
6345,BB
6344,BB
6343,BB
6341,BB
6334,BB
6330,BB
6328,BB
6324,BB
6320,BB
6318,BB
6317,BB
6309,BB
6308,BB
6307,BB
6302,BB
6298,BB
6297,BB
6292,BB
6291,BB
6290,BB
6287,BB
6284,BB
6282,BB
6281,BB
6280,BB
6272,BB
6266,BB
6265,BB
6263,BB
6261,BB
6257,BB
6256,BB
6249,BB
6248,BB
6243,BB
6238,BB
6237,BB
6234,BB
6233,BB
6232,BB
6231,BB
6226,BB
6224,BB
6223,BB
6222,BB
6221,BB
6220,BB
6219,BB
6218,BB
6215,BB
6213,BB
6212,BB
6209,BB
6208,BB
6207,BB
6206,BB
6203,BB
6196,BB
6190,BB
6189,BB
6188,BB
6187,BB
6184,BB
6181,BB
6179,BB
6170,BB
6166,BB
6161,BB
6160,BB
6158,BB
6156,BB
6153,BB
6150,BB
6138,BB
6135,BB
6133,BB
6127,BB
6125,BB
6121,BB
6120,BB
6117,BB
6110,BB
6105,BB
6103,BB
6102,BB
6101,BB
6096,BB
6095,BB
6094,BB
6091,BB
6083,BB
6082,BB
6080,BB
6079,BB
6070,BB
6064,BB
6056,BB
6044,BB
6042,BB
6037,BB
6035,BB
6030,BB
6027,BB
6026,BB
6024,BB
6022,BB
6019,BB
6016,BB
6013,BB
6012,BB
6010,BB
6004,BB
5998,BB
5996,BB
5987,BB
5985,BB
5983,BB
5982,BB
5980,BB
5970,BB
5969,BB
5964,BB
5962,BB
5961,BB
5960,BB
5959,BB
5957,BB
5956,BB
5946,BB
5945,BB
5943,BB
5933,BB
5928,BB
5925,BB
5924,BB
5914,BB
5903,BB
5902,BB
5891,BB
5888,BB
5887,BB
5884,BB
5874,BB
5870,BB
5865,BB
5863,BB
5840,BB
5837,BB
5833,BB
5807,BB
5805,BB
5804,BB
5802,BB
5799,BB
5791,BB
5785,BB
5784,BB
5783,BB
5774,BB
5773,BB
5768,BB
5767,BB
5763,BB
5762,BB
5761,BB
5756,BB
5755,BB
5750,BB
5749,BB
5746,BB
5745,BB
5737,BB
5733,BB
5731,BB
5728,BB
5721,BB
5719,BB
5717,BB
5702,BB
5701,BB
5696,BB
5692,BB
5691,BB
5690,BB
5688,BB
5685,BB
5683,BB
5680,BB
5679,BB
5664,BB
5656,BB
5649,BB
5646,BB
5640,BB
5639,BB
5638,BB
5637,BB
5626,BB
5623,BB
5622,BB
5617,BB
5616,BB
5613,BB
5605,BB
5601,BB
5598,BB
5595,BB
5589,BB
5584,BB
5583,BB
5577,BB
5576,BB
5571,BB
5570,BB
5568,BB
5563,BB
5561,BB
5560,BB
5557,BB
5552,BB
5548,BB
5546,BB
5542,BB
5541,BB
5539,BB
5537,BB
5536,BB
5534,BB
5533,BB
5531,BB
5529,BB
5525,BB
5515,BB
5514,BB
5513,BB
5512,BB
5511,BB
5510,BB
5505,BB
5504,BB
5500,BB
5499,BB
5493,BB
5492,BB
5490,BB
5478,BB
5475,BB
5470,BB
5467,BB
5460,BB
5459,BB
5458,BB
5453,BB
5451,BB
5450,BB
5449,BB
5448,BB
5447,BB
5445,BB
5443,BB
5441,BB
5440,BB
5438,BB
5436,BB
5433,BB
5432,BB
5430,BB
5424,BB
5423,BB
5409,BB
5407,BB
5386,BB
5384,BB
5379,BB
5369,BB
5368,BB
5367,BB
5352,BB
5351,BB
5350,BB
5346,BB
5344,BB
5343,BB
5341,BB
5340,BB
5338,BB
5337,BB
5335,BB
5329,BB
5320,BB
5312,BB
5311,BB
5306,BB
5299,BB
5296,BB
5295,BB
5289,BB
5285,BB
5280,BB
5278,BB
5276,BB
5272,BB
5271,BB
5268,BB
5266,BB
5260,BB
5258,BB
5255,BB
5248,BB
5245,BB
5239,BB
5237,BB
5230,BB
5227,BB
5226,BB
5222,BB
5221,BB
5216,BB
5215,BB
5204,BB
5202,BB
5200,BB
5199,BB
5197,BB
5195,BB
5193,BB
5188,BB
5187,BB
5179,BB
5178,BB
5177,BB
5176,BB
5175,BB
5174,BB
5173,BB
5172,BB
5171,BB
5170,BB
5169,BB
5168,BB
5164,BB
5162,BB
5159,BB
5158,BB
5155,BB
5153,BB
5150,BB
5147,BB
5144,BB
5132,BB
5123,BB
5120,BB
5116,BB
5114,BB
5112,BB
5101,BB
5097,BB
5096,BB
5095,BB
5094,BB
5090,BB
5087,BB
5084,BB
5082,BB
5081,BB
5060,BB
5057,BB
5053,BB
5051,BB
5049,BB
5048,BB
5042,BB
5027,BB
5017,BB
5016,BB
5011,BB
5010,BB
5003,BB
5001,BB
5000,BB
4999,BB
4998,BB
4994,BB
4993,BB
4990,BB
4986,BB
4985,BB
4980,BB
4975,BB
4974,BB
4973,BB
4972,BB
4971,BB
4968,BB
4966,BB
4965,BB
4964,BB
4962,BB
4957,BB
4954,BB
4953,BB
4946,BB
4941,BB
4937,BB
4936,BB
4935,BB
4929,BB
4923,BB
4922,BB
4918,BB
4903,BB
4902,BB
4898,BB
4897,BB
4895,BB
4894,BB
4893,BB
4892,BB
4891,BB
4890,BB
4889,BB
4888,BB
4882,BB
4880,BB
4878,BB
4873,BB
4871,BB
4869,BB
4868,BB
4866,BB
4862,BB
4860,BB
4858,BB
4857,BB
4856,BB
4855,BB
4854,BB
4853,BB
4852,BB
4849,BB
4848,BB
4847,BB
4845,BB
4839,BB
4836,BB
4835,BB
4834,BB
4833,BB
4831,BB
4830,BB
4822,BB
4819,BB
4818,BB
4813,BB
4812,BB
4805,BB
4790,BB
4784,BB
4783,BB
4778,BB
4777,BB
4776,BB
4775,BB
4774,BB
4772,BB
4764,BB
4762,BB
4761,BB
4757,BB
4756,BB
4753,BB
4748,BB
4747,BB
4746,BB
4745,BB
4742,BB
4740,BB
4739,BB
4737,BB
4736,BB
4735,BB
4734,BB
4733,BB
4731,BB
4730,BB
4726,BB
4725,BB
4724,BB
4723,BB
4722,BB
4720,BB
4717,BB
4714,BB
4713,BB
4712,BB
4708,BB
4707,BB
4706,BB
4703,BB
4702,BB
4701,BB
4700,BB
4698,BB
4697,BB
4696,BB
4694,BB
4691,BB
4687,BB
4686,BB
4677,BB
4676,BB
4675,BB
4674,BB
4673,BB
4672,BB
4670,BB
4669,BB
4664,BB
4663,BB
4662,BB
4661,BB
4654,BB
4651,BB
4648,BB
4647,BB
4646,BB
4645,BB
4642,BB
4638,BB
4637,BB
4628,BB
4621,BB
4617,BB
4613,BB
4611,BB
4609,BB
4606,BB
4604,BB
4603,BB
4601,BB
4600,BB
4590,BB
4589,BB
4585,BB
4575,BB
4574,BB
4573,BB
4570,BB
4568,BB
4567,BB
4565,BB
4563,BB
4562,BB
4560,BB
4555,BB
4554,BB
4553,BB
4549,BB
4545,BB
4535,BB
4531,BB
4530,BB
4529,BB
4528,BB
4527,BB
4526,BB
4523,BB
4522,BB
4520,BB
4510,BB
4509,BB
4508,BB
4499,BB
4498,BB
4495,BB
4493,BB
4486,BB
4467,BB
4460,BB
4458,BB
4454,BB
4453,BB
4451,BB
4450,BB
4449,BB
4448,BB
4447,BB
4444,BB
4438,BB
4436,BB
4435,BB
4434,BB
4432,BB
4428,BB
4419,BB
4418,BB
4417,BB
4413,BB
4410,BB
4407,BB
4404,BB
4403,BB
4401,BB
4399,BB
4396,BB
4395,BB
4394,BB
4391,BB
4390,BB
4389,BB
4387,BB
4386,BB
4384,BB
4381,BB
4380,BB
4379,BB
4378,BB
4376,BB
4374,BB
4369,BB
4367,BB
4366,BB
4338,BB
4337,BB
4335,BB
4329,BB
4327,BB
4326,BB
4324,BB
4323,BB
4320,BB
4318,BB
4309,BB
4308,BB
4307,BB
4303,BB
4302,BB
4298,BB
4297,BB
4296,BB
4293,BB
4287,BB
4286,BB
4283,BB
4278,BB
4277,BB
4275,BB
4273,BB
4265,BB
4264,BB
4261,BB
4258,BB
4257,BB
4253,BB
4252,BB
4251,BB
4244,BB
4243,BB
4239,BB
4237,BB
4232,BB
4230,BB
4229,BB
4222,BB
4216,BB
4208,BB
4206,BB
4205,BB
4203,BB
4201,BB
4200,BB
4196,BB
4195,BB
4194,BB
4193,BB
4192,BB
4191,BB
4189,BB
4185,BB
4183,BB
4182,BB
4181,BB
4180,BB
4178,BB
4169,BB
4167,BB
4164,BB
4160,BB
4158,BB
4156,BB
4155,BB
4154,BB
4152,BB
4141,BB
4140,BB
4132,BB
4131,BB
4130,BB
4128,BB
4127,BB
4126,BB
4117,BB
4106,BB
4102,BB
4097,BB
4090,BB
4089,BB
4085,BB
4084,BB
4075,BB
4073,BB
4072,BB
4071,BB
4070,BB
4069,BB
4066,BB
4065,BB
4055,BB
4052,BB
4045,BB
4036,BB
4033,BB
4032,BB
4025,BB
4023,BB
4017,BB
4014,BB
4013,BB
4011,BB
4009,BB
4003,BB
4000,BB
3997,BB
3996,BB
3990,BB
3989,BB
3988,BB
3986,BB
3985,BB
3983,BB
3982,BB
3976,BB
3974,BB
3972,BB
3967,BB
3962,BB
3957,BB
3954,BB
3953,BB
3941,BB
3940,BB
3937,BB
3936,BB
3935,BB
3922,BB
3921,BB
3919,BB
3918,BB
3917,BB
3916,BB
3915,BB
3914,BB
3913,BB
3910,BB
3906,BB
3899,BB
3896,BB
3892,BB
3876,BB
3867,BB
3855,BB
3854,BB
3850,BB
3849,BB
3845,BB
3843,BB
3837,BB
3836,BB
3835,BB
3833,BB
3827,BB
3826,BB
3822,BB
3821,BB
3820,BB
3818,BB
3816,BB
3815,BB
3814,BB
3813,BB
3804,BB
3802,BB
3799,BB
3793,BB
3792,BB
3789,BB
3787,BB
3785,BB
3784,BB
3783,BB
3781,BB
3778,BB
3776,BB
3772,BB
3770,BB
3768,BB
3766,BB
3765,BB
3761,BB
3756,BB
3755,BB
3750,BB
3749,BB
3744,BB
3742,BB
3741,BB
3740,BB
3735,BB
3733,BB
3731,BB
3729,BB
3728,BB
3725,BB
3723,BB
3717,BB
3715,BB
3714,BB
3712,BB
3709,BB
3707,BB
3705,BB
3704,BB
3697,BB
3694,BB
3693,BB
3691,BB
3687,BB
3685,BB
3684,BB
3682,BB
3679,BB
3668,BB
3666,BB
3665,BB
3663,BB
3662,BB
3661,BB
3660,BB
3655,BB
3654,BB
3651,BB
3649,BB
3647,BB
3641,BB
3635,BB
3634,BB
3633,BB
3630,BB
3627,BB
3626,BB
3625,BB
3623,BB
3622,BB
3619,BB
3618,BB
3616,BB
3613,BB
3612,BB
3610,BB
3608,BB
3607,BB
3606,BB
3602,BB
3601,BB
3598,BB
3596,BB
3593,BB
3592,BB
3591,BB
3590,BB
3589,BB
3588,BB
3586,BB
3584,BB
3583,BB
3577,BB
3570,BB
3567,BB
3566,BB
3562,BB
3561,BB
3560,BB
3558,BB
3557,BB
3554,BB
3553,BB
3549,BB
3546,BB
3537,BB
3536,BB
3534,BB
3528,BB
3527,BB
3521,BB
3516,BB
3515,BB
3497,BB
3496,BB
3493,BB
3488,BB
3481,BB
3479,BB
3478,BB
3473,BB
3471,BB
3467,BB
3463,BB
3461,BB
3456,BB
3454,BB
3450,BB
3444,BB
3442,BB
3433,BB
3430,BB
3428,BB
3426,BB
3423,BB
3422,BB
3417,BB
3415,BB
3412,BB
3409,BB
3407,BB
3404,BB
3402,BB
3393,BB
3390,BB
3389,BB
3388,BB
3385,BB
3381,BB
3380,BB
3379,BB
3378,BB
3377,BB
3375,BB
3366,BB
3363,BB
3360,BB
3359,BB
3355,BB
3354,BB
3353,BB
3346,BB
3345,BB
3344,BB
3339,BB
3335,BB
3332,BB
3328,BB
3325,BB
3317,BB
3315,BB
3314,BB
3307,BB
3300,BB
3299,BB
3290,BB
3289,BB
3288,BB
3283,BB
3281,BB
3280,BB
3276,BB
3273,BB
3272,BB
3271,BB
3270,BB
3269,BB
3266,BB
3252,BB
3251,BB
3250,BB
3248,BB
3247,BB
3246,BB
3244,BB
3238,BB
3237,BB
3235,BB
3233,BB
3232,BB
3229,BB
3228,BB
3223,BB
3215,BB
3213,BB
3212,BB
3211,BB
3210,BB
3200,BB
3197,BB
3191,BB
3184,BB
3179,BB
3178,BB
3177,BB
3176,BB
3173,BB
3171,BB
3158,BB
3157,BB
3155,BB
3153,BB
3152,BB
3146,BB
3143,BB
3142,BB
3141,BB
3139,BB
3136,BB
3130,BB
3129,BB
3127,BB
3120,BB
3113,BB
3112,BB
3107,BB
3101,BB
3091,BB
3084,BB
3083,BB
3082,BB
3081,BB
3077,BB
3076,BB
3071,BB
3070,BB
3069,BB
3067,BB
3064,BB
3061,BB
3059,BB
3052,BB
3048,BB
3047,BB
3036,BB
3030,BB
3029,BB
3027,BB
3024,BB
3023,BB
3020,BB
3018,BB
3017,BB
3016,BB
3008,BB
3007,BB
2997,BB
2996,BB
2995,BB
2994,BB
2993,BB
2991,BB
2990,BB
2986,BB
2984,BB
2980,BB
2978,BB
2973,BB
2970,BB
2965,BB
2963,BB
2959,BB
2952,BB
2951,BB
2946,BB
2944,BB
2943,BB
2940,BB
2939,BB
2938,BB
2937,BB
2935,BB
2932,BB
2930,BB
2928,BB
2925,BB
2918,BB
2916,BB
2914,BB
2912,BB
2907,BB
2906,BB
2899,BB
2892,BB
2891,BB
2890,BB
2889,BB
2887,BB
2885,BB
2884,BB
2880,BB
2879,BB
2874,BB
2873,BB
2868,BB
2865,BB
2864,BB
2861,BB
2860,BB
2855,BB
2854,BB
2848,BB
2847,BB
2843,BB
2842,BB
2840,BB
2838,BB
2837,BB
2836,BB
2835,BB
2832,BB
2829,BB
2828,BB
2826,BB
2824,BB
2823,BB
2821,BB
2820,BB
2818,BB
2817,BB
2815,BB
2814,BB
2813,BB
2810,BB
2809,BB
2808,BB
2801,BB
2799,BB
2798,BB
2790,BB
2789,BB
2788,BB
2783,BB
2779,BB
2778,BB
2776,BB
2775,BB
2774,BB
2771,BB
2770,BB
2769,BB
2768,BB
2764,BB
2763,BB
2762,BB
2761,BB
2758,BB
2753,BB
2752,BB
2745,BB
2744,BB
2741,BB
2740,BB
2739,BB
2736,BB
2734,BB
2733,BB
2732,BB
2731,BB
2730,BB
2724,BB
2722,BB
2721,BB
2718,BB
2717,BB
2712,BB
2711,BB
2710,BB
2704,BB
2703,BB
2699,BB
2693,BB
2692,BB
2686,BB
2685,BB
2684,BB
2675,BB
2674,BB
2673,BB
2670,BB
2669,BB
2668,BB
2667,BB
2666,BB
2665,BB
2657,BB
2656,BB
2653,BB
2644,BB
2643,BB
2642,BB
2641,BB
2640,BB
2635,BB
2633,BB
2629,BB
2627,BB
2625,BB
2617,BB
2615,BB
2612,BB
2608,BB
2606,BB
2604,BB
2602,BB
2601,BB
2600,BB
2599,BB
2597,BB
2594,BB
2593,BB
2592,BB
2591,BB
2589,BB
2588,BB
2584,BB
2583,BB
2582,BB
2579,BB
2578,BB
2570,BB
2564,BB
2560,BB
2559,BB
2554,BB
2547,BB
2544,BB
2540,BB
2536,BB
2528,BB
2516,BB
2509,BB
2506,BB
2505,BB
2504,BB
2503,BB
2501,BB
2500,BB
2497,BB
2495,BB
2494,BB
2493,BB
2492,BB
2490,BB
2489,BB
2488,BB
2486,BB
2485,BB
2484,BB
2482,BB
2479,BB
2478,BB
2477,BB
2476,BB
2475,BB
2474,BB
2470,BB
2469,BB
2465,BB
2463,BB
2462,BB
2460,BB
2459,BB
2457,BB
2453,BB
2451,BB
2450,BB
2449,BB
2448,BB
2447,BB
2446,BB
2445,BB
2444,BB
2443,BB
2442,BB
2441,BB
2440,BB
2439,BB
2438,BB
2433,BB
2431,BB
2430,BB
2429,BB
2428,BB
2427,BB
2426,BB
2425,BB
2421,BB
2419,BB
2418,BB
2417,BB
2416,BB
2415,BB
2414,BB
2413,BB
2412,BB
2411,BB
2409,BB
2404,BB
2403,BB
2398,BB
2397,BB
2396,BB
2394,BB
2390,BB
2389,BB
2388,BB
2387,BB
2386,BB
2385,BB
2383,BB
2381,BB
2380,BB
2379,BB
2378,BB
2377,BB
2375,BB
2374,BB
2373,BB
2370,BB
2369,BB
2368,BB
2367,BB
2366,BB
2365,BB
2361,BB
2360,BB
2358,BB
2357,BB
2356,BB
2353,BB
2352,BB
2351,BB
2350,BB
2348,BB
2347,BB
2346,BB
2345,BB
2343,BB
2342,BB
2341,BB
2339,BB
2338,BB
2337,BB
2336,BB
2335,BB
2333,BB
2332,BB
2331,BB
2330,BB
2328,BB
2327,BB
2325,BB
2323,BB
2322,BB
2318,BB
2317,BB
2314,BB
2313,BB
2311,BB
2306,BB
2305,BB
2304,BB
2303,BB
2302,BB
2301,BB
2300,BB
2299,BB
2297,BB
2296,BB
2295,BB
2292,BB
2291,BB
2290,BB
2289,BB
2283,BB
2282,BB
2281,BB
2280,BB
2279,BB
2276,BB
2274,BB
2273,BB
2272,BB
2270,BB
2262,BB
2261,BB
2260,BB
2259,BB
2258,BB
2257,BB
2256,BB
2254,BB
2253,BB
2252,BB
2251,BB
2250,BB
2248,BB
2247,BB
2246,BB
2245,BB
2244,BB
2243,BB
2241,BB
2238,BB
2237,BB
2236,BB
2234,BB
2232,BB
2229,BB
2227,BB
2226,BB
2225,BB
2224,BB
2223,BB
2222,BB
2221,BB
2220,BB
2219,BB
2216,BB
2215,BB
2213,BB
2210,BB
2207,BB
2206,BB
2205,BB
2203,BB
2202,BB
2201,BB
2199,BB
2198,BB
2197,BB
2196,BB
2194,BB
2185,BB
2184,BB
2183,BB
2177,BB
2176,BB
2175,BB
2174,BB
2171,BB
2170,BB
2169,BB
2167,BB
2166,BB
2165,BB
2164,BB
2163,BB
2162,BB
2161,BB
2159,BB
2156,BB
2155,BB
2154,BB
2153,BB
2152,BB
2151,BB
2150,BB
2149,BB
2143,BB
2140,BB
2139,BB
2138,BB
2137,BB
2136,BB
2134,BB
2133,BB
2131,BB
2130,BB
2129,BB
2128,BB
2127,BB
2123,BB
2122,BB
2121,BB
2120,BB
2119,BB
2118,BB
2117,BB
2114,BB
2113,BB
2112,BB
2111,BB
2110,BB
2109,BB
2105,BB
2104,BB
2103,BB
2102,BB
2101,BB
2098,BB
2097,BB
2095,BB
2093,BB
2089,BB
2084,BB
2081,BB
2078,BB
2077,BB
2076,BB
2074,BB
2073,BB
2072,BB
2068,BB
2067,BB
2064,BB
2063,BB
2062,BB
2061,BB
2060,BB
2059,BB
2058,BB
2057,BB
2056,BB
2055,BB
2054,BB
2052,BB
2050,BB
2049,BB
2048,BB
2046,BB
2044,BB
2043,BB
2042,BB
2041,BB
2040,BB
2039,BB
2038,BB
2037,BB
2036,BB
2035,BB
2032,BB
2031,BB
2030,BB
2029,BB
2028,BB
2027,BB
2026,BB
2025,BB
2022,BB
2021,BB
2020,BB
2018,BB
2017,BB
2015,BB
2014,BB
2013,BB
2012,BB
2011,BB
2007,BB
2006,BB
2005,BB
2003,BB
1998,BB
1997,BB
1996,BB
1995,BB
1994,BB
1990,BB
1988,BB
1984,BB
1978,BB
1977,BB
1976,BB
1974,BB
1973,BB
1969,BB
1968,BB
1967,BB
1964,BB
1961,BB
1960,BB
1955,BB
1954,BB
1953,BB
1952,BB
1947,BB
1944,BB
1936,BB
1933,BB
1932,BB
1930,BB
1929,BB
1926,BB
1925,BB
1921,BB
1920,BB
1919,BB
1918,BB
1917,BB
1916,BB
1915,BB
1914,BB
1913,BB
1910,BB
1909,BB
1908,BB
1907,BB
1906,BB
1905,BB
1900,BB
1899,BB
1895,BB
1894,BB
1893,BB
1892,BB
1891,BB
1890,BB
1889,BB
1887,BB
1886,BB
1885,BB
1884,BB
1880,BB
1879,BB
1878,BB
1877,BB
1874,BB
1873,BB
1869,BB
1868,BB
1867,BB
1866,BB
1865,BB
1862,BB
1861,BB
1859,BB
1858,BB
1855,BB
1854,BB
1852,BB
1850,BB
1849,BB
1848,BB
1847,BB
1846,BB
1844,BB
1843,BB
1842,BB
1840,BB
1838,BB
1837,BB
1836,BB
1835,BB
1834,BB
1833,BB
1832,BB
1831,BB
1830,BB
1829,BB
1828,BB
1827,BB
1826,BB
1825,BB
1824,BB
1823,BB
1822,BB
1821,BB
1820,BB
1818,BB
1806,BB
1805,BB
1799,BB
1798,BB
1797,BB
1796,BB
1795,BB
1794,BB
1793,BB
1792,BB
1791,BB
1790,BB
1789,BB
1788,BB
1786,BB
1781,BB
1780,BB
1779,BB
1775,BB
1773,BB
1771,BB
1770,BB
1768,BB
1765,BB
1763,BB
1762,BB
1760,BB
1759,BB
1758,BB
1754,BB
1753,BB
1752,BB
1751,BB
1750,BB
1748,BB
1747,BB
1746,BB
1745,BB
1740,BB
1739,BB
1736,BB
1735,BB
1732,BB
1731,BB
1730,BB
1729,BB
1728,BB
1727,BB
1726,BB
1725,BB
1724,BB
1721,BB
1717,BB
1712,BB
1711,BB
1709,BB
1707,BB
1701,BB
1700,BB
1697,BB
1694,BB
1693,BB
1692,BB
1689,BB
1687,BB
1686,BB
1685,BB
1680,BB
1679,BB
1678,BB
1677,BB
1676,BB
1675,BB
1674,BB
1673,BB
1672,BB
1671,BB
1670,BB
1669,BB
1668,BB
1667,BB
1666,BB
1665,BB
1664,BB
1663,BB
1662,BB
1661,BB
1660,BB
1659,BB
1658,BB
1657,BB
1656,BB
1655,BB
1654,BB
1653,BB
1652,BB
1651,BB
1650,BB
1649,BB
1648,BB
1647,BB
1646,BB
1645,BB
1644,BB
1643,BB
1642,BB
1641,BB
1640,BB
1639,BB
1638,BB
1637,BB
1636,BB
1635,BB
1634,BB
1633,BB
1632,BB
1631,BB
1630,BB
1629,BB
1628,BB
1627,BB
1626,BB
1625,BB
1624,BB
1623,BB
1622,BB
1621,BB
1620,BB
1619,BB
1617,BB
1616,BB
1615,BB
1614,BB
1613,BB
1610,BB
1609,BB
1608,BB
1604,BB
1602,BB
1596,BB
1595,BB
1594,BB
1593,BB
1592,BB
1589,BB
1588,BB
1587,BB
1584,BB
1583,BB
1582,BB
1580,BB
1579,BB
1578,BB
1577,BB
1576,BB
1573,BB
1571,BB
1570,BB
1568,BB
1567,BB
1566,BB
1565,BB
1564,BB
1563,BB
1562,BB
1561,BB
1557,BB
1556,BB
1554,BB
1553,BB
1552,BB
1551,BB
1550,BB
1549,BB
1548,BB
1547,BB
1545,BB
1544,BB
1543,BB
1541,BB
1540,BB
1539,BB
1538,BB
1536,BB
1535,BB
1534,BB
1529,BB
1525,BB
1524,BB
1520,BB
1519,BB
1518,BB
1517,BB
1516,BB
1514,BB
1512,BB
1508,BB
1507,BB
1506,BB
1505,BB
1504,BB
1502,BB
1500,BB
1495,BB
1493,BB
1490,BB
1483,BB
1478,BB
1474,BB
1469,BB
1468,BB
1467,BB
1466,BB
1465,BB
1464,BB
1457,BB
1454,BB
1447,BB
1444,BB
1441,BB
1440,BB
1438,BB
1433,BB
1429,BB
1428,BB
1425,BB
1424,BB
1423,BB
1422,BB
1421,BB
1420,BB
1417,BB
1415,BB
1414,BB
1413,BB
1410,BB
1408,BB
1398,BB
1397,BB
1391,BB
1390,BB
1389,BB
1387,BB
1384,BB
1380,BB
1379,BB
1378,BB
1377,BB
1376,BB
1374,BB
1368,BB
1365,BB
1364,BB
1357,BB
1356,BB
1355,BB
1354,BB
1353,BB
1352,BB
1351,BB
1349,BB
1348,BB
1347,BB
1346,BB
1345,BB
1342,BB
1341,BB
1335,BB
1334,BB
1332,BB
1330,BB
1329,BB
1328,BB
1327,BB
1321,BB
1320,BB
1319,BB
1318,BB
1316,BB
1315,BB
1314,BB
1313,BB
1307,BB
1305,BB
1304,BB
1301,BB
1298,BB
1297,BB
1296,BB
1295,BB
1293,BB
1292,BB
1291,BB
1282,BB
1281,BB
1276,BB
1275,BB
1272,BB
1271,BB
1269,BB
1268,BB
1266,BB
1265,BB
1264,BB
1263,BB
1262,BB
1261,BB
1256,BB
1254,BB
1253,BB
1252,BB
1248,BB
1246,BB
1244,BB
1243,BB
1242,BB
1240,BB
1239,BB
1237,BB
1236,BB
1230,BB
1229,BB
1228,BB
1227,BB
1225,BB
1224,BB
1223,BB
1222,BB
1221,BB
1219,BB
1217,BB
1216,BB
1215,BB
1213,BB
1212,BB
1209,BB
1208,BB
1206,BB
1205,BB
1204,BB
1203,BB
1202,BB
1200,BB
1197,BB
1195,BB
1190,BB
1188,BB
1186,BB
1181,BB
1176,BB
1175,BB
1174,BB
1171,BB
1168,BB
1167,BB
1166,BB
1165,BB
1164,BB
1163,BB
1162,BB
1160,BB
1159,BB
1158,BB
1157,BB
1155,BB
1153,BB
1151,BB
1150,BB
1149,BB
1148,BB
1146,BB
1145,BB
1143,BB
1138,BB
1137,BB
1134,BB
1133,BB
1132,BB
1128,BB
1127,BB
1126,BB
1120,BB
1118,BB
1117,BB
1116,BB
1115,BB
1113,BB
1107,BB
1105,BB
1104,BB
1103,BB
1101,BB
1100,BB
1098,BB
1097,BB
1096,BB
1095,BB
1094,BB
1087,BB
1085,BB
1083,BB
1082,BB
1079,BB
1078,BB
1075,BB
1072,BB
1071,BB
1070,BB
1067,BB
1065,BB
1064,BB
1061,BB
1056,BB
1055,BB
1052,BB
1051,BB
1050,BB
1049,BB
1047,BB
1045,BB
1044,BB
1043,BB
1041,BB
1040,BB
1039,BB
1038,BB
1034,BB
1033,BB
1032,BB
1031,BB
1029,BB
1028,BB
1026,BB
1025,BB
1024,BB
1021,BB
1020,BB
1018,BB
1017,BB
1016,BB
1015,BB
1014,BB
1013,BB
1012,BB
1010,BB
1007,BB
1003,BB
1002,BB
999,BB
996,BB
991,BB
990,BB
980,BB
979,BB
978,BB
977,BB
976,BB
975,BB
970,BB
969,BB
964,BB
954,BB
953,BB
947,BB
946,BB
943,BB
926,BB
925,BB
923,BB
921,BB
920,BB
915,BB
910,BB
907,BB
905,BB
902,BB
899,BB
898,BB
895,BB
894,BB
891,BB
887,BB
886,BB
885,BB
884,BB
880,BB
878,BB
874,BB
872,BB
867,BB
864,BB
863,BB
860,BB
856,BB
855,BB
850,BB
849,BB
846,BB
844,BB
842,BB
839,BB
838,BB
837,BB
834,BB
833,BB
832,BB
831,BB
830,BB
829,BB
825,BB
824,BB
822,BB
821,BB
820,BB
819,BB
818,BB
814,BB
812,BB
810,BB
804,BB
793,BB
790,BB
787,BB
784,BB
782,BB
780,BB
779,BB
778,BB
775,BB
773,BB
772,BB
771,BB
760,BB
759,BB
757,BB
755,BB
752,BB
751,BB
748,BB
746,BB
738,BB
737,BB
735,BB
734,BB
733,BB
732,BB
731,BB
730,BB
729,BB
728,BB
725,BB
724,BB
723,BB
718,BB
712,BB
711,BB
709,BB
708,BB
706,BB
705,BB
699,BB
698,BB
696,BB
694,BB
692,BB
691,BB
687,BB
685,BB
683,BB
682,BB
681,BB
680,BB
679,BB
678,BB
677,BB
676,BB
675,BB
673,BB
672,BB
670,BB
662,BB
658,BB
655,BB
654,BB
642,BB
641,BB
640,BB
636,BB
635,BB
631,BB
629,BB
627,BB
626,BB
624,BB
623,BB
622,BB
611,BB
609,BB
608,BB
607,BB
606,BB
595,BB
590,BB
589,BB
585,BB
584,BB
583,BB
581,BB
580,BB
578,BB
577,BB
576,BB
568,BB
567,BB
566,BB
564,BB
563,BB
562,BB
561,BB
560,BB
559,BB
557,BB
555,BB
554,BB
553,BB
551,BB
550,BB
547,BB
546,BB
545,BB
544,BB
543,BB
541,BB
540,BB
539,BB
535,BB
531,BB
521,BB
520,BB
516,BB
513,BB
512,BB
511,BB
508,BB
507,BB
505,BB
502,BB
499,BB
498,BB
497,BB
492,BB
487,BB
486,BB
481,BB
480,BB
479,BB
476,BB
473,BB
470,BB
464,BB
456,BB
454,BB
449,BB
446,BB
444,BB
443,BB
442,BB
440,BB
439,BB
437,BB
430,BB
419,BB
418,BB
412,BB
411,BB
399,BB
390,BB
382,BB
380,BB
361,BB
358,BB
355,BB
346,BB
320,BB
302,BB
287,BB
284,BB
279,BB
268,BB
263,BB
262,BB
257,BB
256,BB
247,BB
242,BB
236,BB
235,BB
232,BB
224,BB
223,BB
210,BB
207,BB
204,BB
186,BB
185,BB
178,BB
177,BB
176,BB
175,BB
173,BB
170,BB
166,BB
163,BB
162,BB
139,BB
138,BB
136,BB
132,BB
131,BB
120,BB
119,BB
82,BB
57,BB
52,BB
44,BB
5,BB
